{  
   "displayName":"MSSQl UBUNTU",
   "name":"mssqlserver",
   "description":"",
   "parentServiceId":"40",
   "costPerHour":"0.00",
   "bundleLocation":"services/mssqlserver.zip",
   "systemService":false,
   "serviceType":"VM_AGENT",
   "logoPath":"custom/assets/img/serviceLogo/64a2d86c-0f22-4fa5-bc51-dbec45352d56.png",
   "serviceActions":[  
      {  
         "actionName":"INSTALL",
         "actionType":"SCRIPT",
         "actionValue":"service install",
         "value":"service install",
         "key":"INSTALL"
      },
      {  
         "actionName":"CONFIGURE",
         "actionType":"SCRIPT",
         "actionValue":"service configure",
         "value":"service configure",
         "key":"CONFIGURE"
      },
      {  
         "actionName":"STOP",
         "actionType":"SCRIPT",
         "actionValue":"service stop",
         "value":"service stop",
         "key":"STOP"
      },
      {  
         "actionName":"RESTART",
         "actionType":"SCRIPT",
         "actionValue":"service restart",
         "value":"service restart",
         "key":"RESTART"
      }
   ],
   "externalBundleLocation":"null",
   "externalActions":[  

   ],
   "actions":[  

   ],
   "serviceParamSpecs":[  
      {  
         "paramName":"SqlPassword",
         "displayName":"SqlPassword",
         "helpText":"",
         "type":"string",
         "valueConstraint":{  
            "maxLength":255,
            "allowSpaces":true,
            "remainingChars":255
         },
         "valueList":null,
         "collectionList":null,
         "defaultValue":"Cliqr@1234",
         "secret":null,
         "confirmValue":null,
         "pathSuffixValue":null,
         "userVisible":true,
         "userEditable":true,
         "optional":false,
         "multiselectSupported":false,
         "webserviceListParams":null,
         "systemParam":true
      }
   ],
   "servicePorts":[
      {
         "fromPort":"1433",
         "toPort":"1434",
         "protocol":"TCP"
      }
   ],
   "images":[  
      {  
         "id":"26"
      }
   ],
   "defaultImageId":"26",
   "containerImages":[  

   ],
   "containerPorts":[  

   ],
   "repositories":[]
}