{
	"displayName": "AWS Elastic MapReduce",
	"name": "awsemr",
	"description": "AWS tool to big data processing and analysis",
	"parentServiceId": "48",
	"costPerHour": "0.00",
	"bundleLocation": "",
	"systemService": false,
	"serviceType": "EXTERNAL",
	"logoPath": "null",
	"serviceActions": [],
	"externalBundleLocation": "services/awsemr.zip",
	"externalActions": [{
		"actionName": "START",
		"actionType": "SCRIPT",
		"actionValue": "service start",
		"value": "service start",
		"key": "START"
	}],
	"actions": [],
	"serviceParamSpecs": [{
		"paramName": "AwsEc2KeyName",
		"displayName": "Aws Ec2 KeyName",
		"helpText": "Keypair name in AWS Ec2 service from given region",
		"type": "string",
		"valueConstraint": {
			"maxLength": 255,
			"allowSpaces": true,
			"remainingChars": 255
		},
		"valueList": null,
		"collectionList": null,
		"defaultValue": "",
		"secret": null,
		"confirmValue": null,
		"pathSuffixValue": null,
		"userVisible": true,
		"userEditable": true,
		"optional": false,
		"multiselectSupported": false,
		"webserviceListParams": null,
		"systemParam": false,
		"deploymentParam": true
	}, {
		"paramName": "EMRClusterName",
		"displayName": "EMR ClusterName",
		"helpText": "Cluster Name To Create A Cluster In Elastic MapReduce",
		"type": "string",
		"valueConstraint": {
			"maxLength": 255,
			"allowSpaces": true,
			"remainingChars": 255
		},
		"valueList": null,
		"collectionList": null,
		"defaultValue": "",
		"secret": null,
		"confirmValue": null,
		"pathSuffixValue": null,
		"userVisible": true,
		"userEditable": true,
		"optional": false,
		"multiselectSupported": false,
		"webserviceListParams": null,
		"systemParam": false,
		"deploymentParam": true
	}, {
		"paramName": "S3ClusterLogPath",
		"displayName": "S3 Cluster LogPath",
		"helpText": "S3 location of log folder to store cluster logs. example: <<bucketname>>/folder name",
		"type": "string",
		"valueConstraint": {
			"maxLength": 255,
			"allowSpaces": true,
			"remainingChars": 255
		},
		"valueList": null,
		"collectionList": null,
		"defaultValue": "",
		"secret": null,
		"confirmValue": null,
		"pathSuffixValue": null,
		"userVisible": true,
		"userEditable": true,
		"optional": false,
		"multiselectSupported": false,
		"webserviceListParams": null,
		"systemParam": false,
		"deploymentParam": true
	}, {
		"paramName": "NumberOfNodes",
		"displayName": "Number Of Nodes",
		"helpText": "On how many nodes that hadoop can run in a cluster",
		"type": "number",
		"valueConstraint": {
			"minValue": "0",
			"maxValue": "999999"
		},
		"valueList": null,
		"collectionList": null,
		"defaultValue": "2",
		"secret": null,
		"confirmValue": null,
		"pathSuffixValue": null,
		"userVisible": true,
		"userEditable": true,
		"optional": false,
		"multiselectSupported": false,
		"webserviceListParams": null,
		"systemParam": false,
		"deploymentParam": true
	}, {
		"paramName": "InstallApplications",
		"displayName": "Install Applications",
		"helpText": "Select which applicantion wants to  be installed  on hadoop cluster",
		"type": "list",
		"valueConstraint": {
			"allowSpaces": true
		},
		"valueList": "Hive,Pig,spark",
		"collectionList": null,
		"defaultValue": "",
		"secret": null,
		"confirmValue": null,
		"pathSuffixValue": null,
		"userVisible": true,
		"userEditable": true,
		"optional": true,
		"multiselectSupported": true,
		"webserviceListParams": null,
		"systemParam": false,
		"deploymentParam": true
	}, {
		"paramName": "StepType",
		"displayName": "Step Type",
		"helpText": "Type Of The Step To Exceute In The Cluster",
		"type": "list",
		"valueConstraint": {
			"allowSpaces": true
		},
		"valueList": "Streaming Program,Hive Program,Pig Program,Spark Application,Custom JAR",
		"collectionList": null,
		"defaultValue": "",
		"secret": null,
		"confirmValue": null,
		"pathSuffixValue": null,
		"userVisible": true,
		"userEditable": true,
		"optional": true,
		"multiselectSupported": true,
		"webserviceListParams": null,
		"systemParam": false,
		"deploymentParam": true
	}, {
		"paramName": "StreamingTypeInputs",
		"displayName": "Streaming Type Inputs",
		"helpText": "Please configure in the sequence given i.e., s3location of map function, s3location of reduce function, s3location of input file,new  folder name to store output results. Please give the locations in this format <<bucketname>>/foldername/filename",
		"type": "textarea",
		"valueConstraint": {},
		"valueList": null,
		"collectionList": null,
		"defaultValue": "",
		"secret": null,
		"confirmValue": null,
		"pathSuffixValue": null,
		"userVisible": true,
		"userEditable": true,
		"optional": true,
		"multiselectSupported": false,
		"webserviceListParams": null,
		"systemParam": false,
		"deploymentParam": true
	}, {
		"paramName": "HiveTypeInputs",
		"displayName": "Hive Type Inputs",
		"helpText": "Please configure in the sequence given i.e.,  s3location of hive script, folder name for input,  folder name to store output result. Please give the locations in this format <<bucketname>>/foldername/filename",
		"type": "textarea",
		"valueConstraint": {},
		"valueList": null,
		"collectionList": null,
		"defaultValue": "",
		"secret": null,
		"confirmValue": null,
		"pathSuffixValue": null,
		"userVisible": true,
		"userEditable": true,
		"optional": true,
		"multiselectSupported": false,
		"webserviceListParams": null,
		"systemParam": false,
		"deploymentParam": true
	}, {
		"paramName": "PigTypeInputs",
		"displayName": "Pig Type Inputs",
		"helpText": "Please configure in the sequence given i.e., s3location of pig script, folder name for input, folder name to store output result. Please give the locations in this format <<bucketname>>/foldername/filename",
		"type": "textarea",
		"valueConstraint": {},
		"valueList": null,
		"collectionList": null,
		"defaultValue": "",
		"secret": null,
		"confirmValue": null,
		"pathSuffixValue": null,
		"userVisible": true,
		"userEditable": true,
		"optional": true,
		"multiselectSupported": false,
		"webserviceListParams": null,
		"systemParam": false,
		"deploymentParam": true
	}, {
		"paramName": "SparkDeployMode",
		"displayName": "Spark Deploy Mode",
		"helpText": "Run your driver on a slave node (cluster mode) or on the master node as an external client (client mode).",
		"type": "list",
		"valueConstraint": {
			"allowSpaces": true
		},
		"valueList": "Cluster, Client",
		"collectionList": null,
		"defaultValue": "Cluster",
		"secret": null,
		"confirmValue": null,
		"pathSuffixValue": null,
		"userVisible": true,
		"userEditable": true,
		"optional": true,
		"multiselectSupported": false,
		"webserviceListParams": null,
		"systemParam": false,
		"deploymentParam": true
	}, {
		"paramName": "SparkSubmitOptions",
		"displayName": "Spark Submit Options",
		"helpText": "Specify other options for spark-submit.",
		"type": "string",
		"valueConstraint": {
			"maxLength": 255,
			"allowSpaces": true,
			"remainingChars": 255
		},
		"valueList": null,
		"collectionList": null,
		"defaultValue": "",
		"secret": null,
		"confirmValue": null,
		"pathSuffixValue": null,
		"userVisible": true,
		"userEditable": true,
		"optional": true,
		"multiselectSupported": false,
		"webserviceListParams": null,
		"systemParam": false,
		"deploymentParam": true
	}, {
		"paramName": "SparkApplicationLocation",
		"displayName": "Spark Application Location",
		"helpText": "S3 Path to a JAR with your application and dependencies if cluster mode otherwise client deploy mode only supports a local path.",
		"type": "string",
		"valueConstraint": {
			"maxLength": 255,
			"allowSpaces": true,
			"remainingChars": 255
		},
		"valueList": null,
		"collectionList": null,
		"defaultValue": "",
		"secret": null,
		"confirmValue": null,
		"pathSuffixValue": null,
		"userVisible": true,
		"userEditable": true,
		"optional": true,
		"multiselectSupported": false,
		"webserviceListParams": null,
		"systemParam": false,
		"deploymentParam": true
	}, {
		"paramName": "CustomJarTypeJarlocation",
		"displayName": "Custom Jar Type Jarlocation",
		"helpText": "JAR location maybe a path into S3 or a fully qualified java class in the classpath.",
		"type": "string",
		"valueConstraint": {
			"maxLength": 255,
			"allowSpaces": true,
			"remainingChars": 255
		},
		"valueList": null,
		"collectionList": null,
		"defaultValue": "s3://",
		"secret": null,
		"confirmValue": null,
		"pathSuffixValue": null,
		"userVisible": true,
		"userEditable": true,
		"optional": true,
		"multiselectSupported": false,
		"webserviceListParams": null,
		"systemParam": false,
		"deploymentParam": true
	}, {
		"paramName": "CustomJarTypeArguments",
		"displayName": "CustomJar Type Arguments",
		"helpText": "These are passed to the main function in the JAR. If the JAR does not specify a main class in its manifest file you can specify another class name as the first argument.",
		"type": "string",
		"valueConstraint": {
			"maxLength": 255,
			"allowSpaces": true,
			"remainingChars": 255
		},
		"valueList": null,
		"collectionList": null,
		"defaultValue": "",
		"secret": null,
		"confirmValue": null,
		"pathSuffixValue": null,
		"userVisible": true,
		"userEditable": true,
		"optional": true,
		"multiselectSupported": false,
		"webserviceListParams": null,
		"systemParam": false,
		"deploymentParam": true
	}],
	"servicePorts": [],
	"images": [],
	"defaultImageId": "",
	"containerImages": [],
	"containerPorts": [],
	"repositories": []
}