{  
   "displayName":"DynamoDB",
   "name":"dynamodb",
   "description":"AWS DynamoDB",
   "parentServiceId":"41",
   "costPerHour":"0.00",
   "bundleLocation":"",
   "systemService":false,
   "serviceType":"EXTERNAL",
   "logoPath":"custom/assets/img/serviceLogo/e85c5d19-9fde-485b-9e3a-e5b8384f17a2.png",
   "serviceActions":[  

   ],
   "externalBundleLocation":"services/dynamodb.zip",
   "externalActions":[  
      {  
         "actionName":"START",
         "actionType":"SCRIPT",
         "actionValue":"service start",
         "value":"service start",
         "key":"START"
      },
      {  
         "actionName":"STOP",
         "actionType":"SCRIPT",
         "actionValue":"service stop",
         "value":"service stop",
         "key":"STOP"
      }
   ],
   "actions":[  

   ],
   "serviceParamSpecs":[  
      {  
         "paramName":"tableName",
         "displayName":"Table Name",
         "helpText":"dynamo default table name is \"users\"",
         "type":"string",
         "valueConstraint":{  
            "maxLength":255,
            "allowSpaces":true,
            "remainingChars":255
         },
         "valueList":null,
         "collectionList":null,
         "defaultValue":"users",
         "secret":null,
         "confirmValue":null,
         "pathSuffixValue":null,
         "userVisible":true,
         "userEditable":true,
         "optional":false,
         "multiselectSupported":false,
         "webserviceListParams":null,
         "systemParam":false,
         "deploymentParam":true
      },
      {  
         "paramName":"partitionKey",
         "displayName":"Primary key",
         "helpText":"default Partition key is \"name\"",
         "type":"string",
         "valueConstraint":{  
            "maxLength":255,
            "allowSpaces":true,
            "remainingChars":255
         },
         "valueList":null,
         "collectionList":null,
         "defaultValue":"name",
         "secret":null,
         "confirmValue":null,
         "pathSuffixValue":null,
         "userVisible":true,
         "userEditable":true,
         "optional":false,
         "multiselectSupported":false,
         "webserviceListParams":null,
         "systemParam":true
      },
      {  
         "paramName":"partitionAttrType",
         "displayName":"Primary Key Attribute Type",
         "helpText":"default AttributeType is \"String\"",
         "type":"list",
         "valueConstraint":{  
            "allowSpaces":true
         },
         "valueList":"Number,String,Binary",
         "collectionList":null,
         "defaultValue":"String",
         "secret":null,
         "confirmValue":null,
         "pathSuffixValue":null,
         "userVisible":true,
         "userEditable":true,
         "optional":false,
         "multiselectSupported":false,
         "webserviceListParams":null,
         "systemParam":true
      },
      {  
         "paramName":"streamEnabled",
         "displayName":"Stream Enables",
         "helpText":"",
         "type":"list",
         "valueConstraint":{  
            "allowSpaces":true
         },
         "valueList":"True,False",
         "collectionList":null,
         "defaultValue":"True",
         "secret":null,
         "confirmValue":null,
         "pathSuffixValue":null,
         "userVisible":true,
         "userEditable":true,
         "optional":false,
         "multiselectSupported":false,
         "webserviceListParams":null,
         "systemParam":true
      },
      {  
         "paramName":"streamViewType",
         "displayName":"Stream View Type",
         "helpText":"",
         "type":"list",
         "valueConstraint":{  
            "allowSpaces":true
         },
         "valueList":"NEW_IMAGE,OLD_IMAGE,NEW_AND_OLD_IMAGES,KEYS_ONLY",
         "collectionList":null,
         "defaultValue":"NEW_AND_OLD_IMAGES",
         "secret":null,
         "confirmValue":null,
         "pathSuffixValue":null,
         "userVisible":true,
         "userEditable":true,
         "optional":false,
         "multiselectSupported":false,
         "webserviceListParams":null,
         "systemParam":true
      }
   ],
   "servicePorts":[  

   ],
   "images":[  

   ],
   "defaultImageId":"",
   "containerImages":[  

   ],
   "containerPorts":[  

   ],
   "repositories":[   
   ] 
}