 { 
   "displayName":"Azure Load Balancer CCTAF_9",
   "name":"cctaf_azurelb_9",
   "description":"Service for Azure Load Balancer Testing",
   "parentServiceId":"48",
   "costPerHour":"0.00",
   "bundleLocation":"",
   "systemService":false,
   "serviceType":"EXTERNAL",
   "logoPath":"null",
   "serviceActions":[  

   ],
   "externalBundleLocation":"http://35.154.153.188/azure/azurelb.zip",
   "externalActions":[  
      {  
         "actionName":"START",
         "actionType":"SCRIPT",
         "actionValue":"service start",
         "value":"service start",    
         "key":"START"
      },
      {  
         "actionName":"STOP",
         "actionType":"SCRIPT",
         "actionValue":"service stop",
         "value":"service stop",
         "key":"STOP"
      }
   ],
   "actions":[  

   ],
   "serviceParamSpecs":[
    {
      "paramName": "lbType",
      "displayName": "Type",
      "helpText": "Load Balancer Type",
      "type": "list",
      "valueList": "Public",
      "defaultValue": "Public",
      "confirmValue": "",
      "pathSuffixValue": "",
      "userVisible": true,
      "userEditable": true,
      "systemParam": true,
      "exampleValue": null,
      "dataUnit": null,
      "optional": false,
      "deploymentParam": false,
      "multiselectSupported": false,
      "useDefault": true,
      "valueConstraint": {
        "minValue": 0,
        "maxValue": 0,
        "maxLength": 0,
        "regex": null,
        "allowSpaces": true,
        "sizeValue": 0,
        "step": 0,
        "calloutWorkflowName": null
      },
      "scope": null,
      "webserviceListParams": null,
      "secret": null,
      "collectionList": []
    },
    {
      "paramName": "sku",
      "displayName": "SKU",
      "helpText": "",
      "type": "list",
      "valueList": "Basic",
      "defaultValue": "Basic",
      "confirmValue": "",
      "pathSuffixValue": "",
      "userVisible": true,
      "userEditable": true,
      "systemParam": true,
      "exampleValue": null,
      "dataUnit": null,
      "optional": false,
      "deploymentParam": false,
      "multiselectSupported": false,
      "useDefault": true,
      "valueConstraint": {
        "minValue": 0,
        "maxValue": 0,
        "maxLength": 0,
        "regex": null,
        "allowSpaces": true,
        "sizeValue": 0,
        "step": 0,
        "calloutWorkflowName": null
      },
      "scope": null,
      "webserviceListParams": null,
      "secret": null,
      "collectionList": []
    },
    {
      "paramName": "publicIp",
      "displayName": "Public IP",
      "helpText": "",
      "type": "list",
      "valueList": "New, Existing",
      "defaultValue": "New",
      "confirmValue": "",
      "pathSuffixValue": "",
      "userVisible": true,
      "userEditable": true,
      "systemParam": true,
      "exampleValue": null,
      "dataUnit": null,
      "optional": false,
      "deploymentParam": false,
      "multiselectSupported": false,
      "useDefault": true,
      "valueConstraint": {
        "minValue": 0,
        "maxValue": 0,
        "maxLength": 0,
        "regex": null,
        "allowSpaces": true,
        "sizeValue": 0,
        "step": 0,
        "calloutWorkflowName": null
      },
      "scope": null,
      "webserviceListParams": null,
      "secret": null,
      "collectionList": []
    },
    {
      "paramName": "loadBalancerName",
      "displayName": "Load Balancer Name",
      "helpText": "",
      "type": "string",
      "valueConstraint": {
        "maxLength": 255,
        "allowSpaces": true,
        "remainingChars": 255
      },
      "valueList": null,
      "collectionList": null,
      "defaultValue": "",
      "secret": null,
      "confirmValue": null,
      "pathSuffixValue": null,
      "userVisible": true,
      "userEditable": true,
      "optional": false,
      "multiselectSupported": false,
      "webserviceListParams": null,
      "systemParam": false,
      "deploymentParam": true
    },
    {
      "paramName": "resourceGroupName",
      "displayName": "Resource Group Name",
      "helpText": "",
      "type": "string",
      "valueConstraint": {
        "maxLength": 255,
        "allowSpaces": true,
        "remainingChars": 255
      },
      "valueList": null,
      "collectionList": null,
      "defaultValue": "",
      "secret": null,
      "confirmValue": null,
      "pathSuffixValue": null,
      "userVisible": true,
      "userEditable": true,
      "optional": false,
      "multiselectSupported": false,
      "webserviceListParams": null,
      "systemParam": false,
      "deploymentParam": true
    },
    {
      "paramName": "publicIpName",
      "displayName": "Public Ip Name",
      "helpText": "",
      "type": "string",
      "valueConstraint": {
        "maxLength": 255,
        "allowSpaces": true,
        "remainingChars": 255
      },
      "valueList": null,
      "collectionList": null,
      "defaultValue": "",
      "secret": null,
      "confirmValue": null,
      "pathSuffixValue": null,
      "userVisible": true,
      "userEditable": true,
      "optional": false,
      "multiselectSupported": false,
      "webserviceListParams": null,
      "systemParam": false,
      "deploymentParam": true
    },
    {
      "paramName": "healthProbeRequestPath",
      "displayName": "Health Probe Request Path",
      "helpText": "",
      "type": "string",
      "valueConstraint": {
        "maxLength": 255,
        "allowSpaces": true,
        "remainingChars": 255
      },
      "valueList": null,
      "collectionList": null,
      "defaultValue": "/",
      "secret": null,
      "confirmValue": null,
      "pathSuffixValue": null,
      "userVisible": true,
      "userEditable": true,
      "optional": false,
      "multiselectSupported": false,
      "webserviceListParams": null,
      "systemParam": false,
      "deploymentParam": true
    },
    {
      "paramName": "healthProbePort",
      "displayName": "Health Probe Port",
      "helpText": "",
      "type": "number",
      "valueConstraint": {
        "minValue": "0",
        "maxValue": "65534"
      },
      "valueList": null,
      "collectionList": null,
      "defaultValue": "80",
      "secret": null,
      "confirmValue": null,
      "pathSuffixValue": null,
      "userVisible": true,
      "userEditable": true,
      "optional": false,
      "multiselectSupported": false,
      "webserviceListParams": null,
      "systemParam": false,
      "deploymentParam": true
    },
    {
      "paramName": "virtualMachines",
      "displayName": "Virtual Instance Names",
      "helpText": "",
      "type": "string",
      "valueConstraint": {
        "maxLength": 255,
        "allowSpaces": true,
        "remainingChars": 255
      },
      "valueList": null,
      "collectionList": null,
      "defaultValue": "",
      "secret": null,
      "confirmValue": null,
      "pathSuffixValue": null,
      "userVisible": true,
      "userEditable": true,
      "optional": true,
      "multiselectSupported": false,
      "webserviceListParams": null,
      "systemParam": false,
      "deploymentParam": true
    },
    {
      "paramName": "vmResourceGroup",
      "displayName": "VM Resource Group Name",
      "helpText": "",
      "type": "string",
      "valueConstraint": {
        "maxLength": 255,
        "allowSpaces": true,
        "remainingChars": 255
      },
      "valueList": null,
      "collectionList": null,
      "defaultValue": "",
      "secret": null,
      "confirmValue": null,
      "pathSuffixValue": null,
      "userVisible": true,
      "userEditable": true,
      "optional": true,
      "multiselectSupported": false,
      "webserviceListParams": null,
      "systemParam": false,
      "deploymentParam": true
    }
  ],
   "servicePorts":[  

   ],
   "images":[  

   ],
   "defaultImageId":"",
   "containerImages":[  

   ],
   "containerPorts":[  

   ],
   "repositories":[]
}

