 { 
   "displayName":"Google ELB_1",
   "name":"gelb_1",
   "description":"Service for google Load Balancer",
   "parentServiceId":"48",
   "costPerHour":"0.00",
   "bundleLocation":"",
   "systemService":false,
   "serviceType":"EXTERNAL",
   "logoPath":"null",
   "serviceActions":[  

   ],
   "externalBundleLocation":"http://35.154.153.188/gelb/gelb.zip",
   "externalActions":[  
      {  
         "actionName":"START",
         "actionType":"SCRIPT",
         "actionValue":"service start",
         "value":"service start",    
         "key":"START"
      },
      {  
         "actionName":"STOP",
         "actionType":"SCRIPT",
         "actionValue":"service stop",
         "value":"service stop",
         "key":"STOP"
      }
   ],
   "actions":[  

   ],
   "serviceParamSpecs":[
    {
      "paramName": "gelbProjectName",
      "displayName": "gelbProjectName",
      "helpText": "gelbProjectName ",
      "type": "string",
      "valueList": "",
      "defaultValue": "",
      "confirmValue": "",
      "pathSuffixValue": "",
      "userVisible": true,
      "userEditable": true,
      "systemParam": false,
      "exampleValue": null,
      "dataUnit": null,
      "optional": false,
      "deploymentParam": true,
      "multiselectSupported": false,
      "useDefault": true,
      "valueConstraint": {
        "minValue": 0,
        "maxValue": 0,
        "maxLength": 0,
        "regex": null,
        "allowSpaces": true,
        "sizeValue": 0,
        "step": 0,
        "calloutWorkflowName": null
      },
      "scope": null,
      "webserviceListParams": null,
      "secret": null,
      "collectionList": []
    },
    {
      "paramName": "gelbLoadBalancerType",
      "displayName": "gelbLoadBalancerType",
      "helpText": "gelbLoadBalancerType",
      "type": "list",
      "valueList": "TCP:TCP, HTTP:HTTP, UDP:UDP",
      "defaultValue": "",
      "confirmValue": "",
      "pathSuffixValue": "",
      "userVisible": true,
      "userEditable": true,
      "systemParam": false,
      "exampleValue": null,
      "dataUnit": null,
      "optional": false,
      "deploymentParam": true,
      "multiselectSupported": false,
      "useDefault": true,
      "valueConstraint": {
        "minValue": 0,
        "maxValue": 0,
        "maxLength": 0,
        "regex": null,
        "allowSpaces": true,
        "sizeValue": 0,
        "step": 0,
        "calloutWorkflowName": null
      },
      "scope": null,
      "webserviceListParams": null,
      "secret": null,
      "collectionList": []
    },
    
    {
      "paramName": "gelbInstances",
      "displayName": "gelbInstances",
      "helpText": "gelbInstances",
      "type": "string",
      "valueList": "",
      "defaultValue": "",
      "confirmValue": "",
      "pathSuffixValue": "",
      "userVisible": true,
      "userEditable": true,
      "systemParam": false,
      "exampleValue": null,
      "dataUnit": null,
      "optional": false,
      "deploymentParam": true,
      "multiselectSupported": false,
      "useDefault": true,
      "valueConstraint": {
        "minValue": 0,
        "maxValue": 0,
        "maxLength": 0,
        "regex": null,
        "allowSpaces": true,
        "sizeValue": 0,
        "step": 0,
        "calloutWorkflowName": null
      },
      "scope": null,
      "webserviceListParams": null,
      "secret": null,
      "collectionList": []
    },
    
    {
      "paramName": "gelbHealthCheck",
      "displayName": "gelbHealthCheck",
      "helpText": "gelbHealthCheck",
      "type": "string",
      "valueList": "healthcheck-1",
      "defaultValue": "",
      "confirmValue": "",
      "pathSuffixValue": "",
      "userVisible": true,
      "userEditable": true,
      "systemParam": false,
      "exampleValue": null,
      "dataUnit": null,
      "optional": false,
      "deploymentParam": true,
      "multiselectSupported": false,
      "useDefault": true,
      "valueConstraint": {
        "minValue": 0,
        "maxValue": 0,
        "maxLength": 0,
        "regex": null,
        "allowSpaces": true,
        "sizeValue": 0,
        "step": 0,
        "calloutWorkflowName": null
      },
      "scope": null,
      "webserviceListParams": null,
      "secret": null,
      "collectionList": []
    }
  ],
   "servicePorts":[  

   ],
   "images":[  

   ],
   "defaultImageId":"",
   "containerImages":[  

   ],
   "containerPorts":[  

   ],
   "repositories":[]
}

