{
  "displayName": "Kibana",
  "name": "kibana",
  "description": "Data Visualization Plugin For Elasticsearch",
  "parentServiceId": "48",
  "costPerHour": "0.00",
  "bundleLocation": "services/kibana.zip",
  "systemService": false,
  "serviceType": "VM_AGENT",
  "logoPath": "logo.png",
  "serviceActions": [
    {
      "actionName": "INSTALL",
      "actionType": "SCRIPT",
      "actionValue": "service install",
      "value": "service install",
      "key": "INSTALL"
    },
    {
      "actionName": "CONFIGURE",
      "actionType": "SCRIPT",
      "actionValue": "service configure",
      "value": "service configure",
      "key": "CONFIGURE"
    },
    {
      "actionName": "START",
      "actionType": "SCRIPT",
      "actionValue": "service start",
      "value": "service start",
      "key": "START"
    },
    {
      "actionName": "STOP",
      "actionType": "SCRIPT",
      "actionValue": "service stop",
      "value": "service stop",
      "key": "STOP"
    },
    {
      "actionName": "RESTART",
      "actionType": "SCRIPT",
      "actionValue": "service restart",
      "value": "service restart",
      "key": "RESTART"
    }
  ],
  "externalBundleLocation": "null",
  "externalActions": [],
  "actions": [],
  "serviceParamSpecs": [],
  "servicePorts": [
    {
      "fromPort": "9200",
      "toPort": "9300",
      "protocol": "TCP"
    },
	{
      "fromPort": "5601",
      "toPort": "5601",
      "protocol": "TCP"
    }
  ],
  "images": [
    {
      "id": "21"
    },
    {
      "id": "26"
    }
  ],
  "defaultImageId": "21",
  "containerImages": [],
  "containerPorts": [],
  "repositories": [
    {
      "id": "1"
    }
  ]
}