{
   "displayName":"Azure Cloud Functions",
   "name":"azurecloudfunction",
   "description":"Azure Cloud Functions are serverless applications run on Microsoft Azure.",
   "parentServiceId":"48",
   "costPerHour":"0.00",
   "bundleLocation":"",
   "systemService":false,
   "serviceType":"EXTERNAL",
   "logoPath":"custom/assets/img/serviceLogo/ab637360-2347-4d41-b3f8-2771d46da498.png",
   "serviceActions":[

   ],
   "externalBundleLocation":"services/azurecloudfunction.zip",
   "externalActions":[
      {
         "actionName":"START",
         "actionType":"SCRIPT",
         "actionValue":"service start",
         "value":"service start",
         "key":"START"
      },
      {
         "actionName":"STOP",
         "actionType":"SCRIPT",
         "actionValue":"service stop",
         "value":"service stop",
         "key":"STOP"
      }
   ],
   "actions":[

   ],
   "serviceParamSpecs":[
      {
         "paramName":"AppPackage",
         "displayName":"AppPackage",
         "helpText":"",
         "type":"path",
         "valueConstraint":{
            "maxLength":255,
            "allowSpaces":true,
            "remainingChars":255
         },
         "valueList":null,
         "collectionList":null,
         "defaultValue":"",
         "secret":null,
         "confirmValue":null,
         "pathSuffixValue":"",
         "userVisible":true,
         "userEditable":true,
         "optional":false,
         "multiselectSupported":false,
         "webserviceListParams":null,
         "systemParam":true
      },
      {
         "paramName":"app_name",
         "displayName":"App name",
         "helpText":"",
         "type":"string",
         "valueConstraint":{
            "maxLength":255,
            "allowSpaces":true,
            "remainingChars":255
         },
         "valueList":null,
         "collectionList":null,
         "defaultValue":"",
         "secret":null,
         "confirmValue":null,
         "pathSuffixValue":null,
         "userVisible":true,
         "userEditable":true,
         "optional":false,
         "multiselectSupported":false,
         "webserviceListParams":null,
         "systemParam":false,
         "deploymentParam":true
      },
      {
         "paramName":"runtime",
         "displayName":"Runtime",
         "helpText":"",
         "type":"list",
         "valueConstraint":{
            "allowSpaces":true
         },
         "valueList":"node,java,powershell,dotnet",
         "collectionList":null,
         "defaultValue":"",
         "secret":null,
         "confirmValue":null,
         "pathSuffixValue":null,
         "userVisible":true,
         "userEditable":true,
         "optional":false,
         "multiselectSupported":false,
         "webserviceListParams":null,
         "systemParam":false,
         "deploymentParam":true
      }
   ],
   "servicePorts":[

   ],
   "images":[

   ],
   "defaultImageId":"",
   "containerImages":[

   ],
   "containerPorts":[

   ],
   "repositories":[
   ]
}