<?xml version="1.0" encoding="UTF-8" standalone="yes"?>
<AppProfileExportImportJaxb xmlns="http://www.cliqr.com/xml/ns/appProfileExportImport">
    <AppProfileList>
        <appProfileInfo topLevelAppName="Azure_Web_App">
            <appProfileInfoPath location="1.0" extension="json"/>
        </appProfileInfo>
    </AppProfileList>
    <ResourceList>
        <resource>
            <type>RemoteRepository</type>
            <RemoteRepository>
                <repositoryName>reponew</repositoryName>
                <repositoryId>1</repositoryId>
                <appNameList>
                    <appName>Azure_Web_App</appName>
                </appNameList>
                <externalLifeCycleAction>false</externalLifeCycleAction>
            </RemoteRepository>
        </resource>
    </ResourceList>
</AppProfileExportImportJaxb>
