{
  "displayName": "F5-BIG-IP",
  "name": "f5lb",
  "description": "F5 BIG IP Load balancer",
  "parentServiceId": "36",
  "costPerHour": "0.00",
  "bundleLocation": "",
  "systemService": false,
  "serviceType": "EXTERNAL",
  "logoPath": "null",
  "serviceActions": [],
  "externalBundleLocation": "services/f5lb.zip",
  "externalActions": [
    {
      "actionName": "UPDATE",
      "actionType": "SCRIPT",
      "actionValue": "service update",
      "value": "service update",
      "key": "UPDATE"
    },
    {
      "actionName": "START",
      "actionType": "SCRIPT",
      "actionValue": "service start",
      "value": "service start",
      "key": "START"
    },
    {
      "actionName": "STOP",
      "actionType": "SCRIPT",
      "actionValue": "service stop",
      "value": "service stop",
      "key": "STOP"
    }
  ],
  "actions": [],
  "serviceParamSpecs": [
    {
      "paramName": "bigIPAddress",
      "displayName": "IP address of BIG IP",
      "helpText": "",
      "type": "string",
      "valueConstraint": {
        "maxLength": 255,
        "allowSpaces": true,
        "remainingChars": 255
      },
      "valueList": null,
      "collectionList": null,
      "defaultValue": "1.2.3.4",
      "secret": null,
      "confirmValue": null,
      "pathSuffixValue": null,
      "userVisible": false,
      "userEditable": false,
      "optional": false,
      "multiselectSupported": false,
      "webserviceListParams": null,
      "systemParam": true
    },
    {
      "paramName": "bigIPuser",
      "displayName": "BIG IP  User",
      "helpText": "Username to login to BIG IP",
      "type": "string",
      "valueConstraint": {
        "maxLength": 255,
        "allowSpaces": true,
        "remainingChars": 255
      },
      "valueList": null,
      "collectionList": null,
      "defaultValue": "admin",
      "secret": null,
      "confirmValue": null,
      "pathSuffixValue": null,
      "userVisible": false,
      "userEditable": false,
      "optional": false,
      "multiselectSupported": false,
      "webserviceListParams": null,
      "systemParam": true
    },
    {
      "paramName": "bigIPPassword",
      "displayName": "BIG IP Password",
      "helpText": "",
      "type": "password_input",
      "valueConstraint": {},
      "valueList": null,
      "collectionList": null,
      "defaultValue": "i2m1atdApbHixPSiAmOCeQ==",
      "secret": null,
      "confirmValue": null,
      "pathSuffixValue": null,
      "userVisible": false,
      "userEditable": false,
      "optional": false,
      "multiselectSupported": false,
      "webserviceListParams": null,
      "systemParam": true
    },
    {
      "paramName": "vip_addr",
      "displayName": "VIP ",
      "helpText": "VIP",
      "type": "string",
      "valueConstraint": {
        "maxLength": 255,
        "allowSpaces": true,
        "remainingChars": 255
      },
      "valueList": null,
      "collectionList": null,
      "defaultValue": "10.0.0.1",
      "secret": null,
      "confirmValue": null,
      "pathSuffixValue": null,
      "userVisible": true,
      "userEditable": true,
      "optional": false,
      "multiselectSupported": false,
      "webserviceListParams": null,
      "systemParam": false,
      "deploymentParam": true
    },
    {
      "paramName": "name",
      "displayName": "App Services Name",
      "helpText": "",
      "type": "string",
      "valueConstraint": {
        "maxLength": 255,
        "allowSpaces": true,
        "remainingChars": 255
      },
      "valueList": null,
      "collectionList": null,
      "defaultValue": "Opencart",
      "secret": null,
      "confirmValue": null,
      "pathSuffixValue": null,
      "userVisible": true,
      "userEditable": true,
      "optional": false,
      "multiselectSupported": false,
      "webserviceListParams": null,
      "systemParam": false,
      "deploymentParam": true
    },
    {
      "paramName": "vip_port",
      "displayName": "VIP Port",
      "helpText": "",
      "type": "string",
      "valueConstraint": {
        "maxLength": 255,
        "allowSpaces": true,
        "remainingChars": 255
      },
      "valueList": null,
      "collectionList": null,
      "defaultValue": "80",
      "secret": null,
      "confirmValue": null,
      "pathSuffixValue": null,
      "userVisible": true,
      "userEditable": true,
      "optional": false,
      "multiselectSupported": false,
      "webserviceListParams": null,
      "systemParam": false,
      "deploymentParam": true
    },
    {
      "paramName": "template",
      "displayName": "template",
      "helpText": "",
      "type": "list",
      "valueConstraint": {
        "allowSpaces": true
      },
      "valueList": "http,https",
      "collectionList": null,
      "defaultValue": "http",
      "secret": null,
      "confirmValue": null,
      "pathSuffixValue": null,
      "userVisible": true,
      "userEditable": true,
      "optional": false,
      "multiselectSupported": false,
      "webserviceListParams": null,
      "systemParam": false,
      "deploymentParam": true
    },
    {
      "paramName": "pool_name",
      "displayName": "Pool Name",
      "helpText": "",
      "type": "string",
      "valueConstraint": {
        "maxLength": 255,
        "allowSpaces": true,
        "remainingChars": 255
      },
      "valueList": null,
      "collectionList": null,
      "defaultValue": "momagic",
      "secret": null,
      "confirmValue": null,
      "pathSuffixValue": null,
      "userVisible": true,
      "userEditable": true,
      "optional": false,
      "multiselectSupported": false,
      "webserviceListParams": null,
      "systemParam": false,
      "deploymentParam": true
    },
    {
      "paramName": "monitor_type",
      "displayName": "Monitor Type",
      "helpText": "",
      "type": "string",
      "valueConstraint": {
        "maxLength": 255,
        "allowSpaces": true,
        "remainingChars": 255
      },
      "valueList": null,
      "collectionList": null,
      "defaultValue": "http",
      "secret": null,
      "confirmValue": null,
      "pathSuffixValue": null,
      "userVisible": true,
      "userEditable": true,
      "optional": false,
      "multiselectSupported": false,
      "webserviceListParams": null,
      "systemParam": false,
      "deploymentParam": true
    },
    {
      "paramName": "service_port",
      "displayName": "Service Port",
      "helpText": "",
      "type": "string",
      "valueConstraint": {
        "maxLength": 255,
        "allowSpaces": true,
        "remainingChars": 255
      },
      "valueList": null,
      "collectionList": null,
      "defaultValue": "80",
      "secret": null,
      "confirmValue": null,
      "pathSuffixValue": null,
      "userVisible": true,
      "userEditable": true,
      "optional": false,
      "multiselectSupported": false,
      "webserviceListParams": null,
      "systemParam": false,
      "deploymentParam": true
    },
    {
      "paramName": "client_ssl_profile",
      "displayName": "Client SSL Profile",
      "helpText": "",
      "type": "string",
      "valueConstraint": {
        "maxLength": 255,
        "allowSpaces": true,
        "remainingChars": 255
      },
      "valueList": null,
      "collectionList": null,
      "defaultValue": "",
      "secret": null,
      "confirmValue": null,
      "pathSuffixValue": null,
      "userVisible": true,
      "userEditable": true,
      "optional": true,
      "multiselectSupported": false,
      "webserviceListParams": null,
      "systemParam": false,
      "deploymentParam": true
    },
    {
      "paramName": "irules_list",
      "displayName": "iRules",
      "helpText": "",
      "type": "string",
      "valueConstraint": {
        "maxLength": 255,
        "allowSpaces": true,
        "remainingChars": 255
      },
      "valueList": null,
      "collectionList": null,
      "defaultValue": "",
      "secret": null,
      "confirmValue": null,
      "pathSuffixValue": null,
      "userVisible": true,
      "userEditable": true,
      "optional": true,
      "multiselectSupported": false,
      "webserviceListParams": null,
      "systemParam": false,
      "deploymentParam": true
    }
  ],
  "servicePorts": [],
  "images": [],
  "defaultImageId": "",
  "containerImages": [],
  "containerPorts": [],
  "repositories": []
}
