{"id":"368","resource":null,"name":"GoogleCloudFunctions","description":"Design custom tiers and execute them in parallel","version":"1","importVersion":"4.7","revisionId":0,"sourceTemplateId":0,"sourceTemplateName":null,"sourceAppId":0,"parentVersion":"","executorBeanName":"NTierExecutor","owner":null,"hwProfile":null,"swProfile":null,"nodeInitSpec":null,"firewall":null,"migrationSpec":null,"upgradeSpec":null,"nodeReusable":true,"leafLevel":false,"interactiveApp":false,"defaultApp":false,"applicationType":"n-tier","templateType":"APPLICATION","statusDefId":0,"tags":"","nodeCombination":null,"imageName":null,"internalImageName":null,"helpLink":null,"numNodes":0,"dynamicScalable":false,"serviceName":null,"topologyParamText":null,"logoPath":"custom/assets/img/appLogo/4e97771f-26e6-4191-aa21-c9219ae44ef6.png","appTemplate":null,"templateDependencies":[],"appParamSpecs":[{"paramName":"cliqrWebappAccessLink","displayName":null,"helpText":null,"type":"string","valueList":null,"defaultValue":"","confirmValue":"","pathSuffixValue":"","userVisible":true,"userEditable":true,"systemParam":true,"exampleValue":null,"dataUnit":null,"optional":false,"deploymentParam":false,"multiselectSupported":false,"useDefault":true,"valueConstraint":null,"scope":null,"webserviceListParams":null,"secret":null,"tabularTypeData":null,"collectionList":[]},{"paramName":"cliqrExternalHttpsEnabled","displayName":null,"helpText":null,"type":"string","valueList":null,"defaultValue":"0","confirmValue":"0","pathSuffixValue":"","userVisible":true,"userEditable":true,"systemParam":true,"exampleValue":null,"dataUnit":null,"optional":false,"deploymentParam":false,"multiselectSupported":false,"useDefault":true,"valueConstraint":null,"scope":null,"webserviceListParams":null,"secret":null,"tabularTypeData":null,"collectionList":[]},{"paramName":"cliqrExternalHttpEnabled","displayName":null,"helpText":null,"type":"string","valueList":null,"defaultValue":"1","confirmValue":"1","pathSuffixValue":"","userVisible":true,"userEditable":true,"systemParam":true,"exampleValue":null,"dataUnit":null,"optional":false,"deploymentParam":false,"multiselectSupported":false,"useDefault":true,"valueConstraint":null,"scope":null,"webserviceListParams":null,"secret":null,"tabularTypeData":null,"collectionList":[]},{"paramName":"cliqrExternalNoProtocolEnabled","displayName":null,"helpText":null,"type":"string","valueList":null,"defaultValue":"0","confirmValue":"0","pathSuffixValue":"","userVisible":true,"userEditable":true,"systemParam":true,"exampleValue":null,"dataUnit":null,"optional":false,"deploymentParam":false,"multiselectSupported":false,"useDefault":true,"valueConstraint":null,"scope":null,"webserviceListParams":null,"secret":null,"tabularTypeData":null,"collectionList":[]},{"paramName":"cliqrForceHttpRedirect","displayName":null,"helpText":null,"type":"string","valueList":null,"defaultValue":"0","confirmValue":"0","pathSuffixValue":"","userVisible":true,"userEditable":true,"systemParam":true,"exampleValue":null,"dataUnit":null,"optional":false,"deploymentParam":false,"multiselectSupported":false,"useDefault":true,"valueConstraint":null,"scope":null,"webserviceListParams":null,"secret":null,"tabularTypeData":null,"collectionList":[]},{"paramName":"useNonStandardPort","displayName":null,"helpText":null,"type":"string","valueList":null,"defaultValue":"0","confirmValue":"0","pathSuffixValue":"","userVisible":true,"userEditable":true,"systemParam":true,"exampleValue":null,"dataUnit":null,"optional":false,"deploymentParam":false,"multiselectSupported":false,"useDefault":true,"valueConstraint":null,"scope":null,"webserviceListParams":null,"secret":null,"tabularTypeData":null,"collectionList":[]},{"paramName":"cliqrNonStandardPort","displayName":null,"helpText":null,"type":"string","valueList":null,"defaultValue":"","confirmValue":"","pathSuffixValue":"","userVisible":true,"userEditable":true,"systemParam":true,"exampleValue":null,"dataUnit":null,"optional":false,"deploymentParam":false,"multiselectSupported":false,"useDefault":true,"valueConstraint":null,"scope":null,"webserviceListParams":null,"secret":null,"tabularTypeData":null,"collectionList":[]},{"paramName":"appPackage","displayName":null,"helpText":null,"type":"path","valueList":null,"defaultValue":"%REPO_ID_1%apps/quiz-app.zip","confirmValue":"%REPO_ID_1%apps/quiz-app.zip","pathSuffixValue":"","userVisible":true,"userEditable":true,"systemParam":true,"exampleValue":null,"dataUnit":null,"optional":false,"deploymentParam":false,"multiselectSupported":false,"useDefault":true,"valueConstraint":null,"scope":null,"webserviceListParams":null,"secret":null,"tabularTypeData":null,"collectionList":[]},{"paramName":"microSegmentation","displayName":null,"helpText":null,"type":"string","valueList":null,"defaultValue":"0","confirmValue":"0","pathSuffixValue":"","userVisible":true,"userEditable":true,"systemParam":true,"exampleValue":null,"dataUnit":null,"optional":false,"deploymentParam":false,"multiselectSupported":false,"useDefault":true,"valueConstraint":null,"scope":null,"webserviceListParams":null,"secret":null,"tabularTypeData":null,"collectionList":[]},{"paramName":"OSSVC_HOME","displayName":"Service directory","helpText":null,"type":null,"valueList":null,"defaultValue":"/usr/local/osmosix/service","confirmValue":"/usr/local/osmosix/service","pathSuffixValue":"","userVisible":false,"userEditable":false,"systemParam":true,"exampleValue":null,"dataUnit":null,"optional":false,"deploymentParam":false,"multiselectSupported":false,"useDefault":true,"valueConstraint":null,"scope":null,"webserviceListParams":null,"secret":null,"tabularTypeData":null,"collectionList":[]},{"paramName":"cliqrAppType","displayName":"Application Type","helpText":null,"type":null,"valueList":null,"defaultValue":"n-tier","confirmValue":"n-tier","pathSuffixValue":"","userVisible":false,"userEditable":false,"systemParam":true,"exampleValue":null,"dataUnit":null,"optional":false,"deploymentParam":false,"multiselectSupported":false,"useDefault":true,"valueConstraint":null,"scope":null,"webserviceListParams":null,"secret":null,"tabularTypeData":null,"collectionList":[]},{"paramName":"cliqrUseCustomCert","displayName":"Use my own SSL Certificate","helpText":null,"type":null,"valueList":null,"defaultValue":"0","confirmValue":"0","pathSuffixValue":"","userVisible":false,"userEditable":false,"systemParam":true,"exampleValue":null,"dataUnit":null,"optional":false,"deploymentParam":false,"multiselectSupported":false,"useDefault":true,"valueConstraint":null,"scope":null,"webserviceListParams":null,"secret":null,"tabularTypeData":null,"collectionList":[]},{"paramName":"cliqrSSLCert","displayName":"SSL Certificate location","helpText":null,"type":null,"valueList":null,"defaultValue":"","confirmValue":"","pathSuffixValue":"","userVisible":false,"userEditable":false,"systemParam":true,"exampleValue":null,"dataUnit":null,"optional":false,"deploymentParam":false,"multiselectSupported":false,"useDefault":true,"valueConstraint":null,"scope":null,"webserviceListParams":null,"secret":null,"tabularTypeData":null,"collectionList":[]},{"paramName":"cliqrSSLKey","displayName":"SSL Key location","helpText":null,"type":null,"valueList":null,"defaultValue":"","confirmValue":"","pathSuffixValue":"","userVisible":false,"userEditable":false,"systemParam":true,"exampleValue":null,"dataUnit":null,"optional":false,"deploymentParam":false,"multiselectSupported":false,"useDefault":true,"valueConstraint":null,"scope":null,"webserviceListParams":null,"secret":null,"tabularTypeData":null,"collectionList":[]}],"envvarSpecs":[],"agentTasks":[],"childAppTemplates":[{"id":"369","resource":null,"name":"googlesql_2","description":null,"version":"1.0","importVersion":"4.7","revisionId":0,"sourceTemplateId":0,"sourceTemplateName":null,"sourceAppId":0,"parentVersion":null,"executorBeanName":"ChildTierAppExecutor","owner":null,"hwProfile":{"memorySize":1024,"numOfCPUs":1,"networkSpeed":null,"numOfNICs":1,"cpuUnit":"VIRTUAL_CPU","localStorageCount":0,"localStorageSize":0,"cudaSupport":false,"ssdSupport":false,"supportHardwareProvision":false},"swProfile":{"osName":null,"support32Bit":false,"support64Bit":true,"support32On64":false},"nodeInitSpec":{"depPkgs":"","initScript":"","cleanupScript":"","licServer":null,"licPort":0,"sudoCmdList":""},"firewall":null,"migrationSpec":{"backupScript":"","restoreScript":"","backupLocation":"","preMigrateScript":"","postMigrateScript":""},"upgradeSpec":{"upgradeScript":"","rollbackScript":"","preUpgradeScript":"","postUpgradeScript":"","start":false,"stop":false},"nodeReusable":false,"leafLevel":true,"interactiveApp":false,"defaultApp":true,"applicationType":"defaultApp","templateType":"APPLICATION","statusDefId":0,"tags":"","nodeCombination":null,"imageName":null,"internalImageName":null,"helpLink":null,"numNodes":0,"dynamicScalable":false,"serviceName":"googlesql","topologyParamText":"{\"x\":\"100\",\"y\":\"440\"}","logoPath":null,"appTemplate":null,"templateDependencies":[],"appParamSpecs":[{"paramName":"cliqrDatabaseType","displayName":null,"helpText":null,"type":"string","valueList":null,"defaultValue":"googlesql","confirmValue":"googlesql","pathSuffixValue":"","userVisible":false,"userEditable":false,"systemParam":true,"exampleValue":null,"dataUnit":null,"optional":false,"deploymentParam":false,"multiselectSupported":false,"useDefault":true,"valueConstraint":null,"scope":null,"webserviceListParams":null,"secret":null,"tabularTypeData":null,"collectionList":[]},{"paramName":"tierOrder","displayName":null,"helpText":null,"type":"integer","valueList":null,"defaultValue":"1","confirmValue":"1","pathSuffixValue":"","userVisible":false,"userEditable":false,"systemParam":true,"exampleValue":null,"dataUnit":null,"optional":false,"deploymentParam":false,"multiselectSupported":false,"useDefault":true,"valueConstraint":null,"scope":null,"webserviceListParams":null,"secret":null,"tabularTypeData":null,"collectionList":[]},{"paramName":"geDbUserName","displayName":"Database Usename","helpText":"","type":"string","valueList":null,"defaultValue":"petclinic","confirmValue":"petclinic","pathSuffixValue":"","userVisible":true,"userEditable":true,"systemParam":true,"exampleValue":null,"dataUnit":null,"optional":false,"deploymentParam":false,"multiselectSupported":false,"useDefault":true,"valueConstraint":{"minValue":0,"maxValue":0,"maxLength":255,"regex":null,"allowSpaces":true,"sizeValue":0,"step":0,"calloutWorkflowName":null},"scope":null,"webserviceListParams":null,"secret":null,"tabularTypeData":null,"collectionList":[]},{"paramName":"geDbPassword","displayName":"Database Password","helpText":"","type":"password_input","valueList":null,"defaultValue":"hBSUX4bQv1a3O/TQ/4eRHPaIYKEtUub9qsh1AkHC4QM=","confirmValue":"/XPFPN6TcfbgX8QvV9sSCQ==","pathSuffixValue":"","userVisible":true,"userEditable":true,"systemParam":true,"exampleValue":null,"dataUnit":null,"optional":false,"deploymentParam":false,"multiselectSupported":false,"useDefault":true,"valueConstraint":{"minValue":0,"maxValue":0,"maxLength":0,"regex":null,"allowSpaces":true,"sizeValue":0,"step":0,"calloutWorkflowName":null},"scope":null,"webserviceListParams":null,"secret":null,"tabularTypeData":null,"collectionList":[]},{"paramName":"geDbName","displayName":"Database Name","helpText":"","type":"string","valueList":null,"defaultValue":"petclinic","confirmValue":"petclinic","pathSuffixValue":"","userVisible":true,"userEditable":true,"systemParam":true,"exampleValue":null,"dataUnit":null,"optional":false,"deploymentParam":false,"multiselectSupported":false,"useDefault":true,"valueConstraint":{"minValue":0,"maxValue":0,"maxLength":255,"regex":null,"allowSpaces":true,"sizeValue":0,"step":0,"calloutWorkflowName":null},"scope":null,"webserviceListParams":null,"secret":null,"tabularTypeData":null,"collectionList":[]},{"paramName":"geDbHost","displayName":"Host","helpText":"","type":"string","valueList":null,"defaultValue":"%","confirmValue":"%","pathSuffixValue":"","userVisible":false,"userEditable":false,"systemParam":true,"exampleValue":null,"dataUnit":null,"optional":false,"deploymentParam":false,"multiselectSupported":false,"useDefault":true,"valueConstraint":{"minValue":0,"maxValue":0,"maxLength":255,"regex":null,"allowSpaces":true,"sizeValue":0,"step":0,"calloutWorkflowName":null},"scope":null,"webserviceListParams":null,"secret":null,"tabularTypeData":null,"collectionList":[]},{"paramName":"cliqrGooglesqlPreStartAction","displayName":null,"helpText":null,"type":"path","valueList":null,"defaultValue":"","confirmValue":"","pathSuffixValue":"","userVisible":true,"userEditable":true,"systemParam":true,"exampleValue":null,"dataUnit":null,"optional":false,"deploymentParam":false,"multiselectSupported":false,"useDefault":true,"valueConstraint":null,"scope":null,"webserviceListParams":null,"secret":null,"tabularTypeData":null,"collectionList":[]},{"paramName":"cliqrGooglesqlPostStartAction","displayName":null,"helpText":null,"type":"path","valueList":null,"defaultValue":"","confirmValue":"","pathSuffixValue":"","userVisible":true,"userEditable":true,"systemParam":true,"exampleValue":null,"dataUnit":null,"optional":false,"deploymentParam":false,"multiselectSupported":false,"useDefault":true,"valueConstraint":null,"scope":null,"webserviceListParams":null,"secret":null,"tabularTypeData":null,"collectionList":[]},{"paramName":"cliqrGooglesqlPreStopAction","displayName":null,"helpText":null,"type":"path","valueList":null,"defaultValue":"","confirmValue":"","pathSuffixValue":"","userVisible":true,"userEditable":true,"systemParam":true,"exampleValue":null,"dataUnit":null,"optional":false,"deploymentParam":false,"multiselectSupported":false,"useDefault":true,"valueConstraint":null,"scope":null,"webserviceListParams":null,"secret":null,"tabularTypeData":null,"collectionList":[]},{"paramName":"cliqrGooglesqlPostStopAction","displayName":null,"helpText":null,"type":"path","valueList":null,"defaultValue":"","confirmValue":"","pathSuffixValue":"","userVisible":true,"userEditable":true,"systemParam":true,"exampleValue":null,"dataUnit":null,"optional":false,"deploymentParam":false,"multiselectSupported":false,"useDefault":true,"valueConstraint":null,"scope":null,"webserviceListParams":null,"secret":null,"tabularTypeData":null,"collectionList":[]},{"paramName":"cliqrExternalPreStartAction","displayName":null,"helpText":null,"type":"path","valueList":null,"defaultValue":"","confirmValue":"","pathSuffixValue":"","userVisible":true,"userEditable":true,"systemParam":true,"exampleValue":null,"dataUnit":null,"optional":false,"deploymentParam":false,"multiselectSupported":false,"useDefault":true,"valueConstraint":null,"scope":null,"webserviceListParams":null,"secret":null,"tabularTypeData":null,"collectionList":[]},{"paramName":"cliqrExternalPostStartAction","displayName":null,"helpText":null,"type":"path","valueList":null,"defaultValue":"","confirmValue":"","pathSuffixValue":"","userVisible":true,"userEditable":true,"systemParam":true,"exampleValue":null,"dataUnit":null,"optional":false,"deploymentParam":false,"multiselectSupported":false,"useDefault":true,"valueConstraint":null,"scope":null,"webserviceListParams":null,"secret":null,"tabularTypeData":null,"collectionList":[]},{"paramName":"cliqrExternalPreStopAction","displayName":null,"helpText":null,"type":"path","valueList":null,"defaultValue":"","confirmValue":"","pathSuffixValue":"","userVisible":true,"userEditable":true,"systemParam":true,"exampleValue":null,"dataUnit":null,"optional":false,"deploymentParam":false,"multiselectSupported":false,"useDefault":true,"valueConstraint":null,"scope":null,"webserviceListParams":null,"secret":null,"tabularTypeData":null,"collectionList":[]},{"paramName":"cliqrExternalPostStopAction","displayName":null,"helpText":null,"type":"path","valueList":null,"defaultValue":"","confirmValue":"","pathSuffixValue":"","userVisible":true,"userEditable":true,"systemParam":true,"exampleValue":null,"dataUnit":null,"optional":false,"deploymentParam":false,"multiselectSupported":false,"useDefault":true,"valueConstraint":null,"scope":null,"webserviceListParams":null,"secret":null,"tabularTypeData":null,"collectionList":[]},{"paramName":"suspendScript","displayName":null,"helpText":null,"type":"path","valueList":null,"defaultValue":"","confirmValue":"","pathSuffixValue":"","userVisible":true,"userEditable":true,"systemParam":true,"exampleValue":null,"dataUnit":null,"optional":false,"deploymentParam":false,"multiselectSupported":false,"useDefault":true,"valueConstraint":null,"scope":null,"webserviceListParams":null,"secret":null,"tabularTypeData":null,"collectionList":[]},{"paramName":"resumeScript","displayName":null,"helpText":null,"type":"path","valueList":null,"defaultValue":"","confirmValue":"","pathSuffixValue":"","userVisible":true,"userEditable":true,"systemParam":true,"exampleValue":null,"dataUnit":null,"optional":false,"deploymentParam":false,"multiselectSupported":false,"useDefault":true,"valueConstraint":null,"scope":null,"webserviceListParams":null,"secret":null,"tabularTypeData":null,"collectionList":[]}],"envvarSpecs":[],"agentTasks":[],"childAppTemplates":[],"categories":[],"metadataTags":[],"systemTags":[],"containerNetworkServices":[],"appServices":[]},{"id":"380","resource":null,"name":"googlecloudfunction_5","description":null,"version":"1.0","importVersion":"4.7","revisionId":0,"sourceTemplateId":0,"sourceTemplateName":null,"sourceAppId":0,"parentVersion":null,"executorBeanName":"ChildTierAppExecutor","owner":null,"hwProfile":{"memorySize":1024,"numOfCPUs":1,"networkSpeed":null,"numOfNICs":1,"cpuUnit":"VIRTUAL_CPU","localStorageCount":0,"localStorageSize":0,"cudaSupport":false,"ssdSupport":false,"supportHardwareProvision":false},"swProfile":{"osName":null,"support32Bit":false,"support64Bit":true,"support32On64":false},"nodeInitSpec":{"depPkgs":"","initScript":"","cleanupScript":"","licServer":null,"licPort":0,"sudoCmdList":""},"firewall":null,"migrationSpec":{"backupScript":"","restoreScript":"","backupLocation":"","preMigrateScript":"","postMigrateScript":""},"upgradeSpec":{"upgradeScript":"","rollbackScript":"","preUpgradeScript":"","postUpgradeScript":"","start":false,"stop":false},"nodeReusable":false,"leafLevel":true,"interactiveApp":false,"defaultApp":true,"applicationType":"defaultApp","templateType":"APPLICATION","statusDefId":0,"tags":"","nodeCombination":null,"imageName":null,"internalImageName":null,"helpLink":null,"numNodes":0,"dynamicScalable":false,"serviceName":"googlecloudfunction","topologyParamText":"{\"x\":\"30\",\"y\":\"180\"}","logoPath":null,"appTemplate":null,"templateDependencies":["googlesql_2"],"appParamSpecs":[{"paramName":"cliqrCustomServiceType","displayName":null,"helpText":null,"type":"string","valueList":null,"defaultValue":"googlecloudfunction","confirmValue":"googlecloudfunction","pathSuffixValue":"","userVisible":false,"userEditable":false,"systemParam":true,"exampleValue":null,"dataUnit":null,"optional":false,"deploymentParam":false,"multiselectSupported":false,"useDefault":true,"valueConstraint":null,"scope":null,"webserviceListParams":null,"secret":null,"tabularTypeData":null,"collectionList":[]},{"paramName":"tierOrder","displayName":null,"helpText":null,"type":"integer","valueList":null,"defaultValue":"1","confirmValue":"1","pathSuffixValue":"","userVisible":false,"userEditable":false,"systemParam":true,"exampleValue":null,"dataUnit":null,"optional":false,"deploymentParam":false,"multiselectSupported":false,"useDefault":true,"valueConstraint":null,"scope":null,"webserviceListParams":null,"secret":null,"tabularTypeData":null,"collectionList":[]},{"paramName":"AppPackage","displayName":"AppPackage","helpText":"","type":"path","valueList":null,"defaultValue":"%REPO_ID_1%apps/quiz-app.zip","confirmValue":"%REPO_ID_1%apps/quiz-app.zip","pathSuffixValue":"","userVisible":true,"userEditable":true,"systemParam":true,"exampleValue":null,"dataUnit":null,"optional":false,"deploymentParam":false,"multiselectSupported":false,"useDefault":true,"valueConstraint":{"minValue":0,"maxValue":0,"maxLength":255,"regex":null,"allowSpaces":true,"sizeValue":0,"step":0,"calloutWorkflowName":null},"scope":null,"webserviceListParams":null,"secret":null,"tabularTypeData":null,"collectionList":[]},{"paramName":"EntryPoint","displayName":"EntryPoint","helpText":"","type":"string","valueList":null,"defaultValue":"get_data","confirmValue":"get_data","pathSuffixValue":"","userVisible":true,"userEditable":true,"systemParam":true,"exampleValue":null,"dataUnit":null,"optional":false,"deploymentParam":false,"multiselectSupported":false,"useDefault":true,"valueConstraint":{"minValue":0,"maxValue":0,"maxLength":255,"regex":null,"allowSpaces":true,"sizeValue":0,"step":0,"calloutWorkflowName":null},"scope":null,"webserviceListParams":null,"secret":null,"tabularTypeData":null,"collectionList":[]},{"paramName":"Runtime","displayName":"Runtime","helpText":"","type":"list","valueList":"GO:go111,Python 3.7:python37,Node JS6:nodejs6,Node JS10:nodejs10,Node JS:nodejs8","defaultValue":"python37","confirmValue":"python37","pathSuffixValue":"","userVisible":true,"userEditable":true,"systemParam":true,"exampleValue":null,"dataUnit":null,"optional":false,"deploymentParam":false,"multiselectSupported":false,"useDefault":true,"valueConstraint":{"minValue":0,"maxValue":0,"maxLength":0,"regex":null,"allowSpaces":true,"sizeValue":0,"step":0,"calloutWorkflowName":null},"scope":null,"webserviceListParams":null,"secret":null,"tabularTypeData":null,"collectionList":[]},{"paramName":"cliqrGooglecloudfunctionPreStartAction","displayName":null,"helpText":null,"type":"path","valueList":null,"defaultValue":"","confirmValue":"","pathSuffixValue":"","userVisible":true,"userEditable":true,"systemParam":true,"exampleValue":null,"dataUnit":null,"optional":false,"deploymentParam":false,"multiselectSupported":false,"useDefault":true,"valueConstraint":null,"scope":null,"webserviceListParams":null,"secret":null,"tabularTypeData":null,"collectionList":[]},{"paramName":"cliqrGooglecloudfunctionPostStartAction","displayName":null,"helpText":null,"type":"path","valueList":null,"defaultValue":"","confirmValue":"","pathSuffixValue":"","userVisible":true,"userEditable":true,"systemParam":true,"exampleValue":null,"dataUnit":null,"optional":false,"deploymentParam":false,"multiselectSupported":false,"useDefault":true,"valueConstraint":null,"scope":null,"webserviceListParams":null,"secret":null,"tabularTypeData":null,"collectionList":[]},{"paramName":"cliqrGooglecloudfunctionPreStopAction","displayName":null,"helpText":null,"type":"path","valueList":null,"defaultValue":"","confirmValue":"","pathSuffixValue":"","userVisible":true,"userEditable":true,"systemParam":true,"exampleValue":null,"dataUnit":null,"optional":false,"deploymentParam":false,"multiselectSupported":false,"useDefault":true,"valueConstraint":null,"scope":null,"webserviceListParams":null,"secret":null,"tabularTypeData":null,"collectionList":[]},{"paramName":"cliqrGooglecloudfunctionPostStopAction","displayName":null,"helpText":null,"type":"path","valueList":null,"defaultValue":"","confirmValue":"","pathSuffixValue":"","userVisible":true,"userEditable":true,"systemParam":true,"exampleValue":null,"dataUnit":null,"optional":false,"deploymentParam":false,"multiselectSupported":false,"useDefault":true,"valueConstraint":null,"scope":null,"webserviceListParams":null,"secret":null,"tabularTypeData":null,"collectionList":[]},{"paramName":"cliqrExternalPreStartAction","displayName":null,"helpText":null,"type":"path","valueList":null,"defaultValue":"","confirmValue":"","pathSuffixValue":"","userVisible":true,"userEditable":true,"systemParam":true,"exampleValue":null,"dataUnit":null,"optional":false,"deploymentParam":false,"multiselectSupported":false,"useDefault":true,"valueConstraint":null,"scope":null,"webserviceListParams":null,"secret":null,"tabularTypeData":null,"collectionList":[]},{"paramName":"cliqrExternalPostStartAction","displayName":null,"helpText":null,"type":"path","valueList":null,"defaultValue":"","confirmValue":"","pathSuffixValue":"","userVisible":true,"userEditable":true,"systemParam":true,"exampleValue":null,"dataUnit":null,"optional":false,"deploymentParam":false,"multiselectSupported":false,"useDefault":true,"valueConstraint":null,"scope":null,"webserviceListParams":null,"secret":null,"tabularTypeData":null,"collectionList":[]},{"paramName":"cliqrExternalPreStopAction","displayName":null,"helpText":null,"type":"path","valueList":null,"defaultValue":"","confirmValue":"","pathSuffixValue":"","userVisible":true,"userEditable":true,"systemParam":true,"exampleValue":null,"dataUnit":null,"optional":false,"deploymentParam":false,"multiselectSupported":false,"useDefault":true,"valueConstraint":null,"scope":null,"webserviceListParams":null,"secret":null,"tabularTypeData":null,"collectionList":[]},{"paramName":"cliqrExternalPostStopAction","displayName":null,"helpText":null,"type":"path","valueList":null,"defaultValue":"","confirmValue":"","pathSuffixValue":"","userVisible":true,"userEditable":true,"systemParam":true,"exampleValue":null,"dataUnit":null,"optional":false,"deploymentParam":false,"multiselectSupported":false,"useDefault":true,"valueConstraint":null,"scope":null,"webserviceListParams":null,"secret":null,"tabularTypeData":null,"collectionList":[]},{"paramName":"suspendScript","displayName":null,"helpText":null,"type":"path","valueList":null,"defaultValue":"","confirmValue":"","pathSuffixValue":"","userVisible":true,"userEditable":true,"systemParam":true,"exampleValue":null,"dataUnit":null,"optional":false,"deploymentParam":false,"multiselectSupported":false,"useDefault":true,"valueConstraint":null,"scope":null,"webserviceListParams":null,"secret":null,"tabularTypeData":null,"collectionList":[]},{"paramName":"resumeScript","displayName":null,"helpText":null,"type":"path","valueList":null,"defaultValue":"","confirmValue":"","pathSuffixValue":"","userVisible":true,"userEditable":true,"systemParam":true,"exampleValue":null,"dataUnit":null,"optional":false,"deploymentParam":false,"multiselectSupported":false,"useDefault":true,"valueConstraint":null,"scope":null,"webserviceListParams":null,"secret":null,"tabularTypeData":null,"collectionList":[]},{"paramName":"topTier","displayName":"topTier","helpText":null,"type":"boolean","valueList":null,"defaultValue":"true","confirmValue":"true","pathSuffixValue":"","userVisible":false,"userEditable":false,"systemParam":true,"exampleValue":null,"dataUnit":null,"optional":false,"deploymentParam":false,"multiselectSupported":false,"useDefault":true,"valueConstraint":null,"scope":null,"webserviceListParams":null,"secret":null,"tabularTypeData":null,"collectionList":[]}],"envvarSpecs":[],"agentTasks":[],"childAppTemplates":[],"categories":[],"metadataTags":[],"systemTags":[],"containerNetworkServices":[],"appServices":[]}],"categories":[],"metadataTags":[{"id":null,"resource":null,"namespace":null,"tagName":"Name","tagCollectionId":null,"value":"%JOB_NAME%","required":true,"editable":false}],"systemTags":[],"containerNetworkServices":[],"appServices":[]}