{
   "displayName":"Lambda",
   "name":"lambda",
   "description":"AWS Lambda is a compute service that lets you run code without provisioning or managing servers.",
   "parentServiceId":"48",
   "costPerHour":"0.00",
   "bundleLocation":"",
   "systemService":false,
   "serviceType":"EXTERNAL",
   "logoPath":"tmpfiles-upload-folder/uploads/243d1406-a974-4181-82bb-eb6bc81d94a7.png",
   "serviceActions":[

   ],
   "externalBundleLocation":"services/aws_lambda.zip",
   "externalActions":[
      {
         "actionName":"START",
         "actionType":"SCRIPT",
         "actionValue":"service start",
         "value":"service start",
         "key":"START"
      },
      {
         "actionName":"STOP",
         "actionType":"SCRIPT",
         "actionValue":"service stop",
         "value":"service stop",
         "key":"STOP"
      }
   ],
   "actions":[

   ],
   "serviceParamSpecs":[
      {
         "paramName":"functionName",
         "displayName":"Function Name",
         "helpText":"",
         "type":"string",
         "valueConstraint":{
            "maxLength":255,
            "allowSpaces":true,
            "remainingChars":255
         },
         "valueList":null,
         "collectionList":null,
         "defaultValue":"",
         "secret":null,
         "confirmValue":null,
         "pathSuffixValue":null,
         "userVisible":true,
         "userEditable":true,
         "optional":false,
         "multiselectSupported":false,
         "webserviceListParams":null,
         "systemParam":true
      },
      {
         "paramName":"functionDescription",
         "displayName":"Function Description",
         "helpText":"",
         "type":"string",
         "valueConstraint":{
            "maxLength":255,
            "allowSpaces":true,
            "remainingChars":255
         },
         "valueList":null,
         "collectionList":null,
         "defaultValue":"",
         "secret":null,
         "confirmValue":null,
         "pathSuffixValue":null,
         "userVisible":true,
         "userEditable":true,
         "optional":true,
         "multiselectSupported":false,
         "webserviceListParams":null,
         "systemParam":true
      },
      {
         "paramName":"appPackage",
         "displayName":"Application Package ",
         "helpText":"",
         "type":"path",
         "valueConstraint":{
            "maxLength":255,
            "allowSpaces":true,
            "remainingChars":255
         },
         "valueList":null,
         "collectionList":null,
         "defaultValue":"",
         "secret":null,
         "confirmValue":null,
         "pathSuffixValue":"",
         "userVisible":true,
         "userEditable":true,
         "optional":false,
         "multiselectSupported":false,
         "webserviceListParams":null,
         "systemParam":true
      },
      {
         "paramName":"runtimes",
         "displayName":"runtime",
         "helpText":"",
         "type":"list",
         "valueConstraint":{
            "allowSpaces":true
         },
         "valueList":"Node.js 8.10:nodejs8.10,Node.js 6.10:nodejs6.10,Python 3.6:python3.6,Python 2.7:python2.7",
         "collectionList":null,
         "defaultValue":"",
         "secret":null,
         "confirmValue":null,
         "pathSuffixValue":null,
         "userVisible":true,
         "userEditable":true,
         "optional":true,
         "multiselectSupported":false,
         "webserviceListParams":null,
         "systemParam":true
      },
      {
         "paramName":"initFile",
         "displayName":"Init File Name",
         "helpText":"",
         "type":"string",
         "valueConstraint":{
            "maxLength":255,
            "allowSpaces":true,
            "remainingChars":255
         },
         "valueList":null,
         "collectionList":null,
         "defaultValue":"",
         "secret":null,
         "confirmValue":null,
         "pathSuffixValue":null,
         "userVisible":true,
         "userEditable":true,
         "optional":false,
         "multiselectSupported":false,
         "webserviceListParams":null,
         "systemParam":true
      },
      {
         "paramName":"invokeMethod",
         "displayName":"File Invoke Method",
         "helpText":"",
         "type":"string",
         "valueConstraint":{
            "maxLength":255,
            "allowSpaces":true,
            "remainingChars":255
         },
         "valueList":null,
         "collectionList":null,
         "defaultValue":"",
         "secret":null,
         "confirmValue":null,
         "pathSuffixValue":null,
         "userVisible":true,
         "userEditable":true,
         "optional":false,
         "multiselectSupported":false,
         "webserviceListParams":null,
         "systemParam":true
      }
   ],
   "servicePorts":[

   ],
   "images":[

   ],
   "defaultImageId":"",
   "containerImages":[

   ],
   "containerPorts":[

   ],
   "repositories":[
      
   ]
   
}