{"id":"988","resource":null,"name":"Tomcat9","description":"Design custom tiers and execute them in parallel","version":"1","importVersion":"4.7","revisionId":0,"sourceTemplateId":0,"sourceTemplateName":null,"sourceAppId":0,"parentVersion":"","executorBeanName":"NTierExecutor","owner":null,"hwProfile":null,"swProfile":null,"nodeInitSpec":null,"firewall":null,"migrationSpec":null,"upgradeSpec":null,"nodeReusable":true,"leafLevel":false,"interactiveApp":false,"defaultApp":false,"applicationType":"n-tier","templateType":"APPLICATION","statusDefId":0,"tags":"","nodeCombination":null,"imageName":null,"internalImageName":null,"helpLink":null,"numNodes":0,"dynamicScalable":false,"serviceName":null,"topologyParamText":null,"logoPath":"custom/assets/img/appLogo/381635d6-1fa1-4618-af2e-6ef1c685d8c4.png","appTemplate":null,"templateDependencies":[],"appParamSpecs":[{"paramName":"cliqrWebappAccessLink","displayName":null,"helpText":null,"type":"string","valueList":null,"defaultValue":"","confirmValue":"","pathSuffixValue":"","userVisible":true,"userEditable":true,"systemParam":true,"exampleValue":null,"dataUnit":null,"optional":false,"deploymentParam":false,"multiselectSupported":false,"useDefault":true,"valueConstraint":null,"scope":null,"webserviceListParams":null,"secret":null,"tabularTypeData":null,"collectionList":[]},{"paramName":"cliqrExternalHttpsEnabled","displayName":null,"helpText":null,"type":"string","valueList":null,"defaultValue":"0","confirmValue":"0","pathSuffixValue":"","userVisible":true,"userEditable":true,"systemParam":true,"exampleValue":null,"dataUnit":null,"optional":false,"deploymentParam":false,"multiselectSupported":false,"useDefault":true,"valueConstraint":null,"scope":null,"webserviceListParams":null,"secret":null,"tabularTypeData":null,"collectionList":[]},{"paramName":"cliqrExternalHttpEnabled","displayName":null,"helpText":null,"type":"string","valueList":null,"defaultValue":"1","confirmValue":"1","pathSuffixValue":"","userVisible":true,"userEditable":true,"systemParam":true,"exampleValue":null,"dataUnit":null,"optional":false,"deploymentParam":false,"multiselectSupported":false,"useDefault":true,"valueConstraint":null,"scope":null,"webserviceListParams":null,"secret":null,"tabularTypeData":null,"collectionList":[]},{"paramName":"cliqrExternalNoProtocolEnabled","displayName":null,"helpText":null,"type":"string","valueList":null,"defaultValue":"0","confirmValue":"0","pathSuffixValue":"","userVisible":true,"userEditable":true,"systemParam":true,"exampleValue":null,"dataUnit":null,"optional":false,"deploymentParam":false,"multiselectSupported":false,"useDefault":true,"valueConstraint":null,"scope":null,"webserviceListParams":null,"secret":null,"tabularTypeData":null,"collectionList":[]},{"paramName":"cliqrForceHttpRedirect","displayName":null,"helpText":null,"type":"string","valueList":null,"defaultValue":"0","confirmValue":"0","pathSuffixValue":"","userVisible":true,"userEditable":true,"systemParam":true,"exampleValue":null,"dataUnit":null,"optional":false,"deploymentParam":false,"multiselectSupported":false,"useDefault":true,"valueConstraint":null,"scope":null,"webserviceListParams":null,"secret":null,"tabularTypeData":null,"collectionList":[]},{"paramName":"useNonStandardPort","displayName":null,"helpText":null,"type":"string","valueList":null,"defaultValue":"0","confirmValue":"0","pathSuffixValue":"","userVisible":true,"userEditable":true,"systemParam":true,"exampleValue":null,"dataUnit":null,"optional":false,"deploymentParam":false,"multiselectSupported":false,"useDefault":true,"valueConstraint":null,"scope":null,"webserviceListParams":null,"secret":null,"tabularTypeData":null,"collectionList":[]},{"paramName":"cliqrNonStandardPort","displayName":null,"helpText":null,"type":"string","valueList":null,"defaultValue":"","confirmValue":"","pathSuffixValue":"","userVisible":true,"userEditable":true,"systemParam":true,"exampleValue":null,"dataUnit":null,"optional":false,"deploymentParam":false,"multiselectSupported":false,"useDefault":true,"valueConstraint":null,"scope":null,"webserviceListParams":null,"secret":null,"tabularTypeData":null,"collectionList":[]},{"paramName":"appPackage","displayName":null,"helpText":null,"type":"path","valueList":null,"defaultValue":"%REPO_ID_9%apps/tomcat-app.zip","confirmValue":"%REPO_ID_9%apps/tomcat-app.zip","pathSuffixValue":"","userVisible":true,"userEditable":true,"systemParam":true,"exampleValue":null,"dataUnit":null,"optional":false,"deploymentParam":false,"multiselectSupported":false,"useDefault":true,"valueConstraint":null,"scope":null,"webserviceListParams":null,"secret":null,"tabularTypeData":null,"collectionList":[]},{"paramName":"microSegmentation","displayName":null,"helpText":null,"type":"string","valueList":null,"defaultValue":"0","confirmValue":"0","pathSuffixValue":"","userVisible":true,"userEditable":true,"systemParam":true,"exampleValue":null,"dataUnit":null,"optional":false,"deploymentParam":false,"multiselectSupported":false,"useDefault":true,"valueConstraint":null,"scope":null,"webserviceListParams":null,"secret":null,"tabularTypeData":null,"collectionList":[]},{"paramName":"cliqrIgnoreAppFailure","displayName":"cliqrIgnoreAppFailure","helpText":"cliqrIgnoreAppFailure","type":"string","valueList":null,"defaultValue":"true","confirmValue":"true","pathSuffixValue":"","userVisible":false,"userEditable":false,"systemParam":false,"exampleValue":null,"dataUnit":null,"optional":true,"deploymentParam":false,"multiselectSupported":false,"useDefault":true,"valueConstraint":{"minValue":0,"maxValue":0,"maxLength":255,"regex":null,"allowSpaces":true,"sizeValue":0,"step":0,"calloutWorkflowName":null},"scope":null,"webserviceListParams":null,"secret":null,"tabularTypeData":null,"collectionList":[]},{"paramName":"OSSVC_HOME","displayName":"Service directory","helpText":null,"type":null,"valueList":null,"defaultValue":"/usr/local/osmosix/service","confirmValue":"/usr/local/osmosix/service","pathSuffixValue":"","userVisible":false,"userEditable":false,"systemParam":true,"exampleValue":null,"dataUnit":null,"optional":false,"deploymentParam":false,"multiselectSupported":false,"useDefault":true,"valueConstraint":null,"scope":null,"webserviceListParams":null,"secret":null,"tabularTypeData":null,"collectionList":[]},{"paramName":"cliqrAppType","displayName":"Application Type","helpText":null,"type":null,"valueList":null,"defaultValue":"n-tier","confirmValue":"n-tier","pathSuffixValue":"","userVisible":false,"userEditable":false,"systemParam":true,"exampleValue":null,"dataUnit":null,"optional":false,"deploymentParam":false,"multiselectSupported":false,"useDefault":true,"valueConstraint":null,"scope":null,"webserviceListParams":null,"secret":null,"tabularTypeData":null,"collectionList":[]},{"paramName":"cliqrUseCustomCert","displayName":"Use my own SSL Certificate","helpText":null,"type":null,"valueList":null,"defaultValue":"0","confirmValue":"0","pathSuffixValue":"","userVisible":false,"userEditable":false,"systemParam":true,"exampleValue":null,"dataUnit":null,"optional":false,"deploymentParam":false,"multiselectSupported":false,"useDefault":true,"valueConstraint":null,"scope":null,"webserviceListParams":null,"secret":null,"tabularTypeData":null,"collectionList":[]},{"paramName":"cliqrSSLCert","displayName":"SSL Certificate location","helpText":null,"type":null,"valueList":null,"defaultValue":"","confirmValue":"","pathSuffixValue":"","userVisible":false,"userEditable":false,"systemParam":true,"exampleValue":null,"dataUnit":null,"optional":false,"deploymentParam":false,"multiselectSupported":false,"useDefault":true,"valueConstraint":null,"scope":null,"webserviceListParams":null,"secret":null,"tabularTypeData":null,"collectionList":[]},{"paramName":"cliqrSSLKey","displayName":"SSL Key location","helpText":null,"type":null,"valueList":null,"defaultValue":"","confirmValue":"","pathSuffixValue":"","userVisible":false,"userEditable":false,"systemParam":true,"exampleValue":null,"dataUnit":null,"optional":false,"deploymentParam":false,"multiselectSupported":false,"useDefault":true,"valueConstraint":null,"scope":null,"webserviceListParams":null,"secret":null,"tabularTypeData":null,"collectionList":[]}],"envvarSpecs":[],"agentTasks":[],"childAppTemplates":[{"id":"990","resource":null,"name":"tomcat9_1","description":null,"version":"1.0","importVersion":"4.7","revisionId":0,"sourceTemplateId":0,"sourceTemplateName":null,"sourceAppId":0,"parentVersion":null,"executorBeanName":"ChildTierAppExecutor","owner":null,"hwProfile":{"memorySize":1024,"numOfCPUs":1,"networkSpeed":null,"numOfNICs":1,"cpuUnit":"VIRTUAL_CPU","localStorageCount":0,"localStorageSize":0,"cudaSupport":false,"ssdSupport":false,"supportHardwareProvision":false},"swProfile":{"osName":"Linux","support32Bit":false,"support64Bit":true,"support32On64":false},"nodeInitSpec":{"depPkgs":"","initScript":"","cleanupScript":"","licServer":null,"licPort":0,"sudoCmdList":""},"firewall":{"name":"cliqr-firewall-2EB09BBCADEEE3A7E34E202847861422","description":"Cliqr user firewall","rules":[{"protocol":"tcp","fromPort":8080,"toPort":8080,"sourceIPRanges":["0.0.0.0/0"],"sourceGroups":[]},{"protocol":"tcp","fromPort":8443,"toPort":8443,"sourceIPRanges":["0.0.0.0/0"],"sourceGroups":[]},{"protocol":"tcp","fromPort":80,"toPort":80,"sourceIPRanges":["0.0.0.0/0"],"sourceGroups":[]},{"protocol":"tcp","fromPort":443,"toPort":443,"sourceIPRanges":["0.0.0.0/0"],"sourceGroups":[]}]},"migrationSpec":{"backupScript":"","restoreScript":"","backupLocation":"","preMigrateScript":"","postMigrateScript":""},"upgradeSpec":{"upgradeScript":"","rollbackScript":"","preUpgradeScript":"","postUpgradeScript":"","start":false,"stop":false},"nodeReusable":false,"leafLevel":true,"interactiveApp":false,"defaultApp":true,"applicationType":"defaultApp","templateType":"APPLICATION","statusDefId":0,"tags":"","nodeCombination":null,"imageName":"Ubuntu 16.04","internalImageName":"CloudWorker-Ubuntu16.04","helpLink":null,"numNodes":0,"dynamicScalable":false,"serviceName":"tomcat9","topologyParamText":"{\"x\":\"190\",\"y\":\"290\"}","logoPath":null,"appTemplate":null,"templateDependencies":["mysql_1"],"appParamSpecs":[{"paramName":"cliqrWebServerType","displayName":null,"helpText":null,"type":"string","valueList":null,"defaultValue":"tomcat9","confirmValue":"tomcat9","pathSuffixValue":"","userVisible":false,"userEditable":false,"systemParam":true,"exampleValue":null,"dataUnit":null,"optional":false,"deploymentParam":false,"multiselectSupported":false,"useDefault":true,"valueConstraint":null,"scope":null,"webserviceListParams":null,"secret":null,"tabularTypeData":null,"collectionList":[]},{"paramName":"tierOrder","displayName":null,"helpText":null,"type":"integer","valueList":null,"defaultValue":"1","confirmValue":"1","pathSuffixValue":"","userVisible":false,"userEditable":false,"systemParam":true,"exampleValue":null,"dataUnit":null,"optional":false,"deploymentParam":false,"multiselectSupported":false,"useDefault":true,"valueConstraint":null,"scope":null,"webserviceListParams":null,"secret":null,"tabularTypeData":null,"collectionList":[]},{"paramName":"defaultService","displayName":null,"helpText":null,"type":null,"valueList":null,"defaultValue":"","confirmValue":"","pathSuffixValue":"","userVisible":false,"userEditable":false,"systemParam":true,"exampleValue":null,"dataUnit":null,"optional":false,"deploymentParam":false,"multiselectSupported":false,"useDefault":true,"valueConstraint":null,"scope":null,"webserviceListParams":null,"secret":null,"tabularTypeData":null,"collectionList":[]},{"paramName":"minClusterSize","displayName":"Minimum Number of Nodes","helpText":null,"type":"number","valueList":null,"defaultValue":"1","confirmValue":"1","pathSuffixValue":"","userVisible":true,"userEditable":true,"systemParam":true,"exampleValue":null,"dataUnit":null,"optional":false,"deploymentParam":false,"multiselectSupported":false,"useDefault":true,"valueConstraint":{"minValue":1,"maxValue":2000000000,"maxLength":0,"regex":null,"allowSpaces":false,"sizeValue":0,"step":0,"calloutWorkflowName":null},"scope":null,"webserviceListParams":null,"secret":null,"tabularTypeData":null,"collectionList":[]},{"paramName":"maxClusterSize","displayName":"Maximum Number of Nodes","helpText":null,"type":"number","valueList":null,"defaultValue":"2","confirmValue":"2","pathSuffixValue":"","userVisible":true,"userEditable":true,"systemParam":true,"exampleValue":null,"dataUnit":null,"optional":false,"deploymentParam":false,"multiselectSupported":false,"useDefault":true,"valueConstraint":{"minValue":1,"maxValue":2000000000,"maxLength":0,"regex":null,"allowSpaces":false,"sizeValue":0,"step":0,"calloutWorkflowName":null},"scope":null,"webserviceListParams":null,"secret":null,"tabularTypeData":null,"collectionList":[]},{"paramName":"cliqrNoOfVolumes","displayName":"Number of Volumes","helpText":"Number of persistent data storage volumes for Frontend Cache.","type":"number","valueList":null,"defaultValue":"0","confirmValue":"0","pathSuffixValue":"","userVisible":true,"userEditable":true,"systemParam":true,"exampleValue":null,"dataUnit":null,"optional":true,"deploymentParam":false,"multiselectSupported":false,"useDefault":true,"valueConstraint":{"minValue":0,"maxValue":65536,"maxLength":0,"regex":null,"allowSpaces":false,"sizeValue":5,"step":1,"calloutWorkflowName":null},"scope":null,"webserviceListParams":null,"secret":null,"tabularTypeData":null,"collectionList":[]},{"paramName":"cliqrDBDataStorageSize","displayName":"Default Volume Size","helpText":"Persistent data storage.","type":"number","valueList":null,"defaultValue":"0","confirmValue":"0","pathSuffixValue":"","userVisible":true,"userEditable":true,"systemParam":true,"exampleValue":null,"dataUnit":"GB","optional":true,"deploymentParam":false,"multiselectSupported":false,"useDefault":true,"valueConstraint":{"minValue":0,"maxValue":65536,"maxLength":0,"regex":null,"allowSpaces":false,"sizeValue":5,"step":5,"calloutWorkflowName":null},"scope":null,"webserviceListParams":null,"secret":null,"tabularTypeData":null,"collectionList":[]},{"paramName":"cliqrJDKVersion","displayName":"App Run-time","helpText":"JDK Version","type":"list","valueList":"JDK 6:JDK6,JDK 7:JDK7,JDK 8:JDK8","defaultValue":"JDK8","confirmValue":"JDK8","pathSuffixValue":"","userVisible":true,"userEditable":true,"systemParam":true,"exampleValue":null,"dataUnit":null,"optional":false,"deploymentParam":false,"multiselectSupported":false,"useDefault":true,"valueConstraint":{"minValue":0,"maxValue":0,"maxLength":0,"regex":null,"allowSpaces":true,"sizeValue":0,"step":0,"calloutWorkflowName":null},"scope":null,"webserviceListParams":null,"secret":null,"tabularTypeData":null,"collectionList":[]},{"paramName":"cliqrWARFile","displayName":"App Package","helpText":"Application package file. The file is in relative path from %rootPath%.","type":"path","valueList":null,"defaultValue":"%PACKAGE_DIR%petclinic.war","confirmValue":"%PACKAGE_DIR%petclinic.war","pathSuffixValue":"","userVisible":true,"userEditable":true,"systemParam":true,"exampleValue":null,"dataUnit":null,"optional":false,"deploymentParam":false,"multiselectSupported":false,"useDefault":true,"valueConstraint":{"minValue":0,"maxValue":0,"maxLength":255,"regex":null,"allowSpaces":true,"sizeValue":0,"step":0,"calloutWorkflowName":null},"scope":null,"webserviceListParams":null,"secret":null,"tabularTypeData":null,"collectionList":[]},{"paramName":"cliqrWebappConfigFiles","displayName":"App Config files","helpText":"Application config files that contain CliQr system tokens and will be modified at deployment time. The config file is a relative path from the webapp context folder, e.g., WEB-INF/classes/db.conf. If there are multiple files, separate with semicolon.","type":"string","valueList":null,"defaultValue":"WEB-INF/classes/jdbc.properties","confirmValue":"WEB-INF/classes/jdbc.properties","pathSuffixValue":"","userVisible":true,"userEditable":true,"systemParam":true,"exampleValue":null,"dataUnit":null,"optional":true,"deploymentParam":false,"multiselectSupported":false,"useDefault":true,"valueConstraint":{"minValue":0,"maxValue":0,"maxLength":255,"regex":null,"allowSpaces":true,"sizeValue":0,"step":0,"calloutWorkflowName":null},"scope":null,"webserviceListParams":null,"secret":null,"tabularTypeData":null,"collectionList":[]},{"paramName":"cliqrWebappContext","displayName":"Deploy Context","helpText":"Deploy Context should be the name of Application Package (war) file. Example: abc will be the deploy context if you have abc.war as you application package.","type":"string","valueList":null,"defaultValue":"ROOT","confirmValue":"ROOT","pathSuffixValue":"","userVisible":true,"userEditable":true,"systemParam":true,"exampleValue":null,"dataUnit":null,"optional":false,"deploymentParam":false,"multiselectSupported":false,"useDefault":true,"valueConstraint":{"minValue":0,"maxValue":0,"maxLength":255,"regex":null,"allowSpaces":true,"sizeValue":0,"step":0,"calloutWorkflowName":null},"scope":null,"webserviceListParams":null,"secret":null,"tabularTypeData":null,"collectionList":[]},{"paramName":"cliqrTomcat9PreStartAction","displayName":null,"helpText":null,"type":"path","valueList":null,"defaultValue":"%PACKAGE_DIR%conf.sh","confirmValue":"%PACKAGE_DIR%conf.sh","pathSuffixValue":"","userVisible":true,"userEditable":true,"systemParam":true,"exampleValue":null,"dataUnit":null,"optional":false,"deploymentParam":false,"multiselectSupported":false,"useDefault":true,"valueConstraint":null,"scope":null,"webserviceListParams":null,"secret":null,"tabularTypeData":null,"collectionList":[]},{"paramName":"cliqrTomcat9PostStartAction","displayName":null,"helpText":null,"type":"path","valueList":null,"defaultValue":"","confirmValue":"","pathSuffixValue":"","userVisible":true,"userEditable":true,"systemParam":true,"exampleValue":null,"dataUnit":null,"optional":false,"deploymentParam":false,"multiselectSupported":false,"useDefault":true,"valueConstraint":null,"scope":null,"webserviceListParams":null,"secret":null,"tabularTypeData":null,"collectionList":[]},{"paramName":"cliqrTomcat9PreStopAction","displayName":null,"helpText":null,"type":"path","valueList":null,"defaultValue":"","confirmValue":"","pathSuffixValue":"","userVisible":true,"userEditable":true,"systemParam":true,"exampleValue":null,"dataUnit":null,"optional":false,"deploymentParam":false,"multiselectSupported":false,"useDefault":true,"valueConstraint":null,"scope":null,"webserviceListParams":null,"secret":null,"tabularTypeData":null,"collectionList":[]},{"paramName":"cliqrTomcat9PostStopAction","displayName":null,"helpText":null,"type":"path","valueList":null,"defaultValue":"","confirmValue":"","pathSuffixValue":"","userVisible":true,"userEditable":true,"systemParam":true,"exampleValue":null,"dataUnit":null,"optional":false,"deploymentParam":false,"multiselectSupported":false,"useDefault":true,"valueConstraint":null,"scope":null,"webserviceListParams":null,"secret":null,"tabularTypeData":null,"collectionList":[]},{"paramName":"cliqrExternalPreStartAction","displayName":null,"helpText":null,"type":"path","valueList":null,"defaultValue":"","confirmValue":"","pathSuffixValue":"","userVisible":true,"userEditable":true,"systemParam":true,"exampleValue":null,"dataUnit":null,"optional":false,"deploymentParam":false,"multiselectSupported":false,"useDefault":true,"valueConstraint":null,"scope":null,"webserviceListParams":null,"secret":null,"tabularTypeData":null,"collectionList":[]},{"paramName":"cliqrExternalPreInitAction","displayName":null,"helpText":null,"type":"path","valueList":null,"defaultValue":"","confirmValue":"","pathSuffixValue":"","userVisible":true,"userEditable":true,"systemParam":true,"exampleValue":null,"dataUnit":null,"optional":false,"deploymentParam":false,"multiselectSupported":false,"useDefault":true,"valueConstraint":null,"scope":null,"webserviceListParams":null,"secret":null,"tabularTypeData":null,"collectionList":[]},{"paramName":"cliqrExternalPostStartAction","displayName":null,"helpText":null,"type":"path","valueList":null,"defaultValue":"","confirmValue":"","pathSuffixValue":"","userVisible":true,"userEditable":true,"systemParam":true,"exampleValue":null,"dataUnit":null,"optional":false,"deploymentParam":false,"multiselectSupported":false,"useDefault":true,"valueConstraint":null,"scope":null,"webserviceListParams":null,"secret":null,"tabularTypeData":null,"collectionList":[]},{"paramName":"cliqrExternalPreStopAction","displayName":null,"helpText":null,"type":"path","valueList":null,"defaultValue":"","confirmValue":"","pathSuffixValue":"","userVisible":true,"userEditable":true,"systemParam":true,"exampleValue":null,"dataUnit":null,"optional":false,"deploymentParam":false,"multiselectSupported":false,"useDefault":true,"valueConstraint":null,"scope":null,"webserviceListParams":null,"secret":null,"tabularTypeData":null,"collectionList":[]},{"paramName":"cliqrExternalPostStopAction","displayName":null,"helpText":null,"type":"path","valueList":null,"defaultValue":"","confirmValue":"","pathSuffixValue":"","userVisible":true,"userEditable":true,"systemParam":true,"exampleValue":null,"dataUnit":null,"optional":false,"deploymentParam":false,"multiselectSupported":false,"useDefault":true,"valueConstraint":null,"scope":null,"webserviceListParams":null,"secret":null,"tabularTypeData":null,"collectionList":[]},{"paramName":"suspendScript","displayName":null,"helpText":null,"type":"path","valueList":null,"defaultValue":"","confirmValue":"","pathSuffixValue":"","userVisible":true,"userEditable":true,"systemParam":true,"exampleValue":null,"dataUnit":null,"optional":false,"deploymentParam":false,"multiselectSupported":false,"useDefault":true,"valueConstraint":null,"scope":null,"webserviceListParams":null,"secret":null,"tabularTypeData":null,"collectionList":[]},{"paramName":"resumeScript","displayName":null,"helpText":null,"type":"path","valueList":null,"defaultValue":"","confirmValue":"","pathSuffixValue":"","userVisible":true,"userEditable":true,"systemParam":true,"exampleValue":null,"dataUnit":null,"optional":false,"deploymentParam":false,"multiselectSupported":false,"useDefault":true,"valueConstraint":null,"scope":null,"webserviceListParams":null,"secret":null,"tabularTypeData":null,"collectionList":[]},{"paramName":"topTier","displayName":"topTier","helpText":null,"type":"boolean","valueList":null,"defaultValue":"true","confirmValue":"true","pathSuffixValue":"","userVisible":false,"userEditable":false,"systemParam":true,"exampleValue":null,"dataUnit":null,"optional":false,"deploymentParam":false,"multiselectSupported":false,"useDefault":true,"valueConstraint":null,"scope":null,"webserviceListParams":null,"secret":null,"tabularTypeData":null,"collectionList":[]}],"envvarSpecs":[],"agentTasks":[],"childAppTemplates":[],"categories":[],"metadataTags":[],"systemTags":[],"containerNetworkServices":[],"appServices":[]},{"id":"989","resource":null,"name":"mysql_1","description":null,"version":"1.0","importVersion":"4.7","revisionId":0,"sourceTemplateId":0,"sourceTemplateName":null,"sourceAppId":0,"parentVersion":null,"executorBeanName":"ChildTierAppExecutor","owner":null,"hwProfile":{"memorySize":1024,"numOfCPUs":1,"networkSpeed":null,"numOfNICs":1,"cpuUnit":"VIRTUAL_CPU","localStorageCount":0,"localStorageSize":0,"cudaSupport":false,"ssdSupport":false,"supportHardwareProvision":false},"swProfile":{"osName":"Linux","support32Bit":false,"support64Bit":true,"support32On64":false},"nodeInitSpec":{"depPkgs":"","initScript":"","cleanupScript":"","licServer":null,"licPort":0,"sudoCmdList":""},"firewall":{"name":"cliqr-firewall-1F6729308A1CFE16F89EA7518713A39F","description":"Cliqr user firewall","rules":[{"protocol":"tcp","fromPort":3306,"toPort":3306,"sourceIPRanges":["0.0.0.0/0"],"sourceGroups":[]}]},"migrationSpec":{"backupScript":"","restoreScript":"","backupLocation":"","preMigrateScript":"","postMigrateScript":""},"upgradeSpec":{"upgradeScript":"","rollbackScript":"","preUpgradeScript":"","postUpgradeScript":"","start":false,"stop":false},"nodeReusable":false,"leafLevel":true,"interactiveApp":false,"defaultApp":true,"applicationType":"defaultApp","templateType":"APPLICATION","statusDefId":0,"tags":"","nodeCombination":null,"imageName":"CentOS 6.x","internalImageName":"CloudWorker-CentOS6.x","helpLink":null,"numNodes":0,"dynamicScalable":false,"serviceName":"mysql","topologyParamText":"{\"x\":\"170\",\"y\":\"460\"}","logoPath":null,"appTemplate":null,"templateDependencies":[],"appParamSpecs":[{"paramName":"cliqrDatabaseType","displayName":null,"helpText":null,"type":"string","valueList":null,"defaultValue":"mysql","confirmValue":"mysql","pathSuffixValue":"","userVisible":false,"userEditable":false,"systemParam":true,"exampleValue":null,"dataUnit":null,"optional":false,"deploymentParam":false,"multiselectSupported":false,"useDefault":true,"valueConstraint":null,"scope":null,"webserviceListParams":null,"secret":null,"tabularTypeData":null,"collectionList":[]},{"paramName":"tierOrder","displayName":null,"helpText":null,"type":"integer","valueList":null,"defaultValue":"1","confirmValue":"1","pathSuffixValue":"","userVisible":false,"userEditable":false,"systemParam":true,"exampleValue":null,"dataUnit":null,"optional":false,"deploymentParam":false,"multiselectSupported":false,"useDefault":true,"valueConstraint":null,"scope":null,"webserviceListParams":null,"secret":null,"tabularTypeData":null,"collectionList":[]},{"paramName":"defaultService","displayName":null,"helpText":null,"type":null,"valueList":null,"defaultValue":"","confirmValue":"","pathSuffixValue":"","userVisible":false,"userEditable":false,"systemParam":true,"exampleValue":null,"dataUnit":null,"optional":false,"deploymentParam":false,"multiselectSupported":false,"useDefault":true,"valueConstraint":null,"scope":null,"webserviceListParams":null,"secret":null,"tabularTypeData":null,"collectionList":[]},{"paramName":"cliqrVolumeIds","displayName":"Volume Ids","helpText":null,"type":null,"valueList":null,"defaultValue":"","confirmValue":"","pathSuffixValue":"","userVisible":false,"userEditable":false,"systemParam":true,"exampleValue":null,"dataUnit":null,"optional":false,"deploymentParam":false,"multiselectSupported":false,"useDefault":true,"valueConstraint":null,"scope":null,"webserviceListParams":null,"secret":null,"tabularTypeData":null,"collectionList":[]},{"paramName":"appMigrationFiles","displayName":"Application Migration Files","helpText":null,"type":null,"valueList":null,"defaultValue":"cliqrDBSetupScript","confirmValue":"cliqrDBSetupScript","pathSuffixValue":"","userVisible":false,"userEditable":false,"systemParam":true,"exampleValue":null,"dataUnit":null,"optional":false,"deploymentParam":false,"multiselectSupported":false,"useDefault":true,"valueConstraint":null,"scope":null,"webserviceListParams":null,"secret":null,"tabularTypeData":null,"collectionList":[]},{"paramName":"cliqrDatabaseRootPass","displayName":"Root Password","helpText":null,"type":"password","valueList":null,"defaultValue":"74NqTcfGyqbIB23f+gwx9g==","confirmValue":"petclinic","pathSuffixValue":"","userVisible":true,"userEditable":true,"systemParam":true,"exampleValue":"password","dataUnit":null,"optional":false,"deploymentParam":false,"multiselectSupported":false,"useDefault":true,"valueConstraint":{"minValue":0,"maxValue":0,"maxLength":255,"regex":null,"allowSpaces":true,"sizeValue":0,"step":0,"calloutWorkflowName":null},"scope":null,"webserviceListParams":null,"secret":null,"tabularTypeData":null,"collectionList":[]},{"paramName":"cliqrDBSetupScript","displayName":"DB Setup Script","helpText":"SQL script to create the database, import schema, import data, etc. The file is in relative path from %rootPath%.","type":"path","valueList":null,"defaultValue":"%PACKAGE_DIR%dbinit.sql","confirmValue":"%PACKAGE_DIR%dbinit.sql","pathSuffixValue":"","userVisible":true,"userEditable":true,"systemParam":true,"exampleValue":"myapp/sql/setup.sql","dataUnit":null,"optional":true,"deploymentParam":false,"multiselectSupported":false,"useDefault":true,"valueConstraint":{"minValue":0,"maxValue":255,"maxLength":0,"regex":null,"allowSpaces":false,"sizeValue":0,"step":0,"calloutWorkflowName":null},"scope":null,"webserviceListParams":null,"secret":null,"tabularTypeData":null,"collectionList":[]},{"paramName":"cliqrNoOfVolumes","displayName":"Number of Volumes","helpText":"Number of persistent data storage volumes for Frontend Cache.","type":"number","valueList":null,"defaultValue":"","confirmValue":"","pathSuffixValue":"","userVisible":true,"userEditable":true,"systemParam":true,"exampleValue":null,"dataUnit":null,"optional":true,"deploymentParam":false,"multiselectSupported":false,"useDefault":true,"valueConstraint":{"minValue":1,"maxValue":65536,"maxLength":0,"regex":null,"allowSpaces":false,"sizeValue":5,"step":1,"calloutWorkflowName":null},"scope":null,"webserviceListParams":null,"secret":null,"tabularTypeData":null,"collectionList":[]},{"paramName":"cliqrDBDataStorageSize","displayName":"Default Volume Size","helpText":"Persistent data storage.","type":"number","valueList":null,"defaultValue":"0","confirmValue":"0","pathSuffixValue":"","userVisible":true,"userEditable":true,"systemParam":true,"exampleValue":null,"dataUnit":"GB","optional":true,"deploymentParam":false,"multiselectSupported":false,"useDefault":true,"valueConstraint":{"minValue":0,"maxValue":65536,"maxLength":0,"regex":null,"allowSpaces":false,"sizeValue":5,"step":5,"calloutWorkflowName":null},"scope":null,"webserviceListParams":null,"secret":null,"tabularTypeData":null,"collectionList":[]},{"paramName":"cliqrDatabaseName","displayName":"Database Name","helpText":"This will be used while taking the backup of the Database during application migration. Use comma separated list for multiple Database Names.","type":"string","valueList":null,"defaultValue":"","confirmValue":"","pathSuffixValue":"","userVisible":true,"userEditable":true,"systemParam":true,"exampleValue":null,"dataUnit":null,"optional":true,"deploymentParam":false,"multiselectSupported":false,"useDefault":true,"valueConstraint":{"minValue":0,"maxValue":255,"maxLength":0,"regex":null,"allowSpaces":false,"sizeValue":0,"step":0,"calloutWorkflowName":null},"scope":null,"webserviceListParams":null,"secret":null,"tabularTypeData":null,"collectionList":[]},{"paramName":"cliqrMysqlPreStartAction","displayName":null,"helpText":null,"type":"path","valueList":null,"defaultValue":"","confirmValue":"","pathSuffixValue":"","userVisible":true,"userEditable":true,"systemParam":true,"exampleValue":null,"dataUnit":null,"optional":false,"deploymentParam":false,"multiselectSupported":false,"useDefault":true,"valueConstraint":null,"scope":null,"webserviceListParams":null,"secret":null,"tabularTypeData":null,"collectionList":[]},{"paramName":"cliqrMysqlPostStartAction","displayName":null,"helpText":null,"type":"path","valueList":null,"defaultValue":"","confirmValue":"","pathSuffixValue":"","userVisible":true,"userEditable":true,"systemParam":true,"exampleValue":null,"dataUnit":null,"optional":false,"deploymentParam":false,"multiselectSupported":false,"useDefault":true,"valueConstraint":null,"scope":null,"webserviceListParams":null,"secret":null,"tabularTypeData":null,"collectionList":[]},{"paramName":"cliqrMysqlPreStopAction","displayName":null,"helpText":null,"type":"path","valueList":null,"defaultValue":"","confirmValue":"","pathSuffixValue":"","userVisible":true,"userEditable":true,"systemParam":true,"exampleValue":null,"dataUnit":null,"optional":false,"deploymentParam":false,"multiselectSupported":false,"useDefault":true,"valueConstraint":null,"scope":null,"webserviceListParams":null,"secret":null,"tabularTypeData":null,"collectionList":[]},{"paramName":"cliqrMysqlPostStopAction","displayName":null,"helpText":null,"type":"path","valueList":null,"defaultValue":"","confirmValue":"","pathSuffixValue":"","userVisible":true,"userEditable":true,"systemParam":true,"exampleValue":null,"dataUnit":null,"optional":false,"deploymentParam":false,"multiselectSupported":false,"useDefault":true,"valueConstraint":null,"scope":null,"webserviceListParams":null,"secret":null,"tabularTypeData":null,"collectionList":[]},{"paramName":"cliqrExternalPreStartAction","displayName":null,"helpText":null,"type":"path","valueList":null,"defaultValue":"","confirmValue":"","pathSuffixValue":"","userVisible":true,"userEditable":true,"systemParam":true,"exampleValue":null,"dataUnit":null,"optional":false,"deploymentParam":false,"multiselectSupported":false,"useDefault":true,"valueConstraint":null,"scope":null,"webserviceListParams":null,"secret":null,"tabularTypeData":null,"collectionList":[]},{"paramName":"cliqrExternalPreInitAction","displayName":null,"helpText":null,"type":"path","valueList":null,"defaultValue":"","confirmValue":"","pathSuffixValue":"","userVisible":true,"userEditable":true,"systemParam":true,"exampleValue":null,"dataUnit":null,"optional":false,"deploymentParam":false,"multiselectSupported":false,"useDefault":true,"valueConstraint":null,"scope":null,"webserviceListParams":null,"secret":null,"tabularTypeData":null,"collectionList":[]},{"paramName":"cliqrExternalPostStartAction","displayName":null,"helpText":null,"type":"path","valueList":null,"defaultValue":"","confirmValue":"","pathSuffixValue":"","userVisible":true,"userEditable":true,"systemParam":true,"exampleValue":null,"dataUnit":null,"optional":false,"deploymentParam":false,"multiselectSupported":false,"useDefault":true,"valueConstraint":null,"scope":null,"webserviceListParams":null,"secret":null,"tabularTypeData":null,"collectionList":[]},{"paramName":"cliqrExternalPreStopAction","displayName":null,"helpText":null,"type":"path","valueList":null,"defaultValue":"","confirmValue":"","pathSuffixValue":"","userVisible":true,"userEditable":true,"systemParam":true,"exampleValue":null,"dataUnit":null,"optional":false,"deploymentParam":false,"multiselectSupported":false,"useDefault":true,"valueConstraint":null,"scope":null,"webserviceListParams":null,"secret":null,"tabularTypeData":null,"collectionList":[]},{"paramName":"cliqrExternalPostStopAction","displayName":null,"helpText":null,"type":"path","valueList":null,"defaultValue":"","confirmValue":"","pathSuffixValue":"","userVisible":true,"userEditable":true,"systemParam":true,"exampleValue":null,"dataUnit":null,"optional":false,"deploymentParam":false,"multiselectSupported":false,"useDefault":true,"valueConstraint":null,"scope":null,"webserviceListParams":null,"secret":null,"tabularTypeData":null,"collectionList":[]},{"paramName":"suspendScript","displayName":null,"helpText":null,"type":"path","valueList":null,"defaultValue":"","confirmValue":"","pathSuffixValue":"","userVisible":true,"userEditable":true,"systemParam":true,"exampleValue":null,"dataUnit":null,"optional":false,"deploymentParam":false,"multiselectSupported":false,"useDefault":true,"valueConstraint":null,"scope":null,"webserviceListParams":null,"secret":null,"tabularTypeData":null,"collectionList":[]},{"paramName":"resumeScript","displayName":null,"helpText":null,"type":"path","valueList":null,"defaultValue":"","confirmValue":"","pathSuffixValue":"","userVisible":true,"userEditable":true,"systemParam":true,"exampleValue":null,"dataUnit":null,"optional":false,"deploymentParam":false,"multiselectSupported":false,"useDefault":true,"valueConstraint":null,"scope":null,"webserviceListParams":null,"secret":null,"tabularTypeData":null,"collectionList":[]},{"paramName":"enableDatabase","displayName":"Enabled","helpText":null,"type":null,"valueList":null,"defaultValue":"0","confirmValue":"0","pathSuffixValue":"","userVisible":false,"userEditable":false,"systemParam":true,"exampleValue":null,"dataUnit":null,"optional":false,"deploymentParam":false,"multiselectSupported":false,"useDefault":true,"valueConstraint":null,"scope":null,"webserviceListParams":null,"secret":null,"tabularTypeData":null,"collectionList":[]},{"paramName":"serviceTypeParam","displayName":"Parameter for service config for this tier","helpText":null,"type":null,"valueList":null,"defaultValue":"cliqrDatabaseType","confirmValue":"cliqrDatabaseType","pathSuffixValue":"","userVisible":false,"userEditable":false,"systemParam":true,"exampleValue":null,"dataUnit":null,"optional":false,"deploymentParam":false,"multiselectSupported":false,"useDefault":true,"valueConstraint":null,"scope":null,"webserviceListParams":null,"secret":null,"tabularTypeData":null,"collectionList":[]}],"envvarSpecs":[],"agentTasks":[],"childAppTemplates":[],"categories":[],"metadataTags":[],"systemTags":[],"containerNetworkServices":[],"appServices":[]}],"categories":[],"metadataTags":[{"id":null,"resource":null,"namespace":null,"tagName":"Name","tagCollectionId":null,"value":"%JOB_NAME%","required":true,"editable":false}],"systemTags":[],"containerNetworkServices":[],"appServices":[]}