{
  "name": "googlecloudfunction",
  "displayName": "Google Cloud Functions",
  "description": "Google Cloud Functions is a serverless execution environment for building and connecting cloud services",
  "logoPath": "custom/assets/img/serviceLogo/60b12cd2-fb7a-4a49-a56b-e36ed19c6367.png",
  "parentServiceId": "48",
  "parentService": false,
  "systemService": false,
  "externalService": false,
  "visible": true,
  "bundleLocation": "null",
  "isBundleRequired": false,
  "externalBundleLocation": "services/googlecloudfunction.zip",
  "isExternalBundleRequired": false,
  "disableEdit": false,
  "costPerHour": 0,
  "costPerHourPreferredCurrency": 0,
  "defaultImageId": 0,
  "serviceType": "EXTERNAL",
  "ownerUserId": "1",
  "serviceActions": [],
  "externalActions": [
    {
      "actionName": "STOP",
      "actionType": "SCRIPT",
      "actionValue": "service stop"
    },
    {
      "actionName": "START",
      "actionType": "SCRIPT",
      "actionValue": "service start"
    }
  ],
  "servicePorts": [],
  "serviceParamSpecs": [
    {
      "paramName": "AppPackage",
      "displayName": "AppPackage",
      "helpText": "",
      "type": "path",
      "valueList": null,
      "defaultValue": "",
      "confirmValue": "",
      "pathSuffixValue": "",
      "userVisible": true,
      "userEditable": true,
      "systemParam": true,
      "exampleValue": null,
      "dataUnit": null,
      "optional": false,
      "deploymentParam": false,
      "multiselectSupported": false,
      "useDefault": true,
      "valueConstraint": {
        "minValue": 0,
        "maxValue": 0,
        "maxLength": 255,
        "regex": null,
        "allowSpaces": true,
        "sizeValue": 0,
        "step": 0,
        "calloutWorkflowName": null
      },
      "scope": null,
      "webserviceListParams": null,
      "secret": null,
      "tabularTypeData": null,
      "collectionList": []
    },
    {
      "paramName": "EntryPoint",
      "displayName": "EntryPoint",
      "helpText": "",
      "type": "string",
      "valueList": null,
      "defaultValue": "",
      "confirmValue": "",
      "pathSuffixValue": "",
      "userVisible": true,
      "userEditable": true,
      "systemParam": true,
      "exampleValue": null,
      "dataUnit": null,
      "optional": false,
      "deploymentParam": false,
      "multiselectSupported": false,
      "useDefault": true,
      "valueConstraint": {
        "minValue": 0,
        "maxValue": 0,
        "maxLength": 255,
        "regex": null,
        "allowSpaces": true,
        "sizeValue": 0,
        "step": 0,
        "calloutWorkflowName": null
      },
      "scope": null,
      "webserviceListParams": null,
      "secret": null,
      "tabularTypeData": null,
      "collectionList": []
    },
    {
      "paramName": "Runtime",
      "displayName": "Runtime",
      "helpText": "",
      "type": "list",
      "valueList": "GO:go111,Python 3.7:python37,Node JS6:nodejs6,Node JS10:nodejs10,Node JS:nodejs8",
      "defaultValue": "",
      "confirmValue": "",
      "pathSuffixValue": "",
      "userVisible": true,
      "userEditable": true,
      "systemParam": true,
      "exampleValue": null,
      "dataUnit": null,
      "optional": false,
      "deploymentParam": false,
      "multiselectSupported": false,
      "useDefault": true,
      "valueConstraint": {
        "minValue": 0,
        "maxValue": 0,
        "maxLength": 0,
        "regex": null,
        "allowSpaces": true,
        "sizeValue": 0,
        "step": 0,
        "calloutWorkflowName": null
      },
      "scope": null,
      "webserviceListParams": null,
      "secret": null,
      "tabularTypeData": null,
      "collectionList": []
    },
    {
      "paramName": "FunctionName",
      "displayName": "FunctionName",
      "helpText": "",
      "type": "string",
      "valueList": null,
      "defaultValue": "",
      "confirmValue": "",
      "pathSuffixValue": "",
      "userVisible": true,
      "userEditable": true,
      "systemParam": false,
      "exampleValue": null,
      "dataUnit": null,
      "optional": false,
      "deploymentParam": true,
      "multiselectSupported": false,
      "useDefault": true,
      "valueConstraint": {
        "minValue": 0,
        "maxValue": 0,
        "maxLength": 255,
        "regex": null,
        "allowSpaces": true,
        "sizeValue": 0,
        "step": 0,
        "calloutWorkflowName": null
      },
      "scope": null,
      "webserviceListParams": null,
      "secret": null,
      "tabularTypeData": null,
      "collectionList": []
    },
	{
		"paramName": "Storage",
		"displayName": "Storage Name",
		"helpText": "",
		"type": "string",
		"valueConstraint": {
			"maxLength": 255,
			"allowSpaces": true,
			"remainingChars": 255
		},
		"valueList": null,
		"collectionList": null,
		"defaultValue": "",
		"secret": null,
		"confirmValue": null,
		"pathSuffixValue": null,
		"userVisible": true,
		"userEditable": true,
		"optional": false,
		"multiselectSupported": false,
		"webserviceListParams": null,
		"systemParam": false,
		"deploymentParam": true
	}, 
    {
      "collectionList": null,
      "confirmValue": null,
      "defaultValue": "",
      "deploymentParam": true,
      "displayName": "Region",
      "helpText": "",
      "multiselectSupported": false,
      "optional": false,
      "paramName": "Region",
      "pathSuffixValue": null,
      "secret": null,
      "systemParam": false,
      "type": "list",
      "userEditable": true,
      "userVisible": true,
      "valueConstraint": {
        "allowSpaces": true
      },
      "valueList": "Iowa us-central:us-central1,South Carolina us-east1:us-east1,Belgium europe-west1:europe-west1,London europe-west2:europe-west2,Hong Kong asia-east2:asia-east2,Tokyo asia-northeast1:asia-northeast1",
      "webserviceListParams": null
    }
  ],
  "egressRestrictions": [],
  "childServices": [],
  "images": [],
  "repositories": [],
  "actions": [],
  "containerImages": [],
  "containerPorts": []
}