{
   "displayName":"AzureSQL",
   "name":"azuresql",
   "description":"Azure SQL Database is a relational database as a service (DBaaS) based on the latest stable version of Microsoft SQL Server Database Engine.",
   "parentServiceId":"40",
   "costPerHour":"0.00",
   "bundleLocation":"",
   "systemService":false,
   "serviceType":"EXTERNAL",
   "logoPath":"custom/assets/img/serviceLogo/20f3ae57-1ee4-419a-96bd-cb71ecbc50c3.png",
   "serviceActions":[

   ],
   "externalBundleLocation":"services/azuresql.zip",
   "externalActions":[
      {
         "actionName":"START",
         "actionType":"SCRIPT",
         "actionValue":"service start",
         "value":"service start",
         "key":"START"
      },
      {
         "actionName":"STOP",
         "actionType":"SCRIPT",
         "actionValue":"service stop",
         "value":"service stop",
         "key":"STOP"
      }
   ],
   "actions":[

   ],
   "serviceParamSpecs":[
      {
         "paramName":"serverName",
         "displayName":"Server Name",
         "helpText":"Name of the SQL server going to be created",
         "type":"string",
         "valueConstraint":{
            "maxLength":255,
            "allowSpaces":true,
            "remainingChars":255
         },
         "valueList":null,
         "collectionList":null,
         "defaultValue":"contentfactory",
         "secret":null,
         "confirmValue":null,
         "pathSuffixValue":null,
         "userVisible":true,
         "userEditable":true,
         "optional":false,
         "multiselectSupported":false,
         "webserviceListParams":null,
         "systemParam":false,
         "deploymentParam":true
      },
      {
         "paramName":"dbName",
         "displayName":"Database Name",
         "helpText":"Name of the SQL database going to be created",
         "type":"string",
         "valueConstraint":{
            "maxLength":255,
            "allowSpaces":true,
            "remainingChars":255
         },
         "valueList":null,
         "collectionList":null,
         "defaultValue":"testcliqrdb",
         "secret":null,
         "confirmValue":null,
         "pathSuffixValue":null,
         "userVisible":true,
         "userEditable":true,
         "optional":false,
         "multiselectSupported":false,
         "webserviceListParams":null,
         "systemParam":false,
         "deploymentParam":true
      },
      {
         "paramName":"serverUsername",
         "displayName":"Server Username",
         "helpText":"Database server username",
         "type":"string",
         "valueConstraint":{
            "maxLength":255,
            "allowSpaces":true,
            "remainingChars":255
         },
         "valueList":null,
         "collectionList":null,
         "defaultValue":"testcliqr",
         "secret":null,
         "confirmValue":null,
         "pathSuffixValue":null,
         "userVisible":true,
         "userEditable":true,
         "optional":false,
         "multiselectSupported":false,
         "webserviceListParams":null,
         "systemParam":false,
         "deploymentParam":true
      },
      {
         "paramName":"serverPassword",
         "displayName":"SQL Server Password",
         "helpText":"Database server password",
         "type":"password",
         "valueConstraint":{
            "maxLength":255,
            "minLength":8,
            "remainingChars":255
         },
         "valueList":null,
         "collectionList":null,
         "defaultValue":"Welcome2cliqr!",
         "secret":null,
         "confirmValue":"Welcome2cliqr!",
         "pathSuffixValue":null,
         "userVisible":true,
         "userEditable":true,
         "optional":false,
         "multiselectSupported":false,
         "webserviceListParams":null,
         "systemParam":false,
         "deploymentParam":true
      }
   ],
   "servicePorts":[

   ],
   "images":[

   ],
   "defaultImageId":"",
   "containerImages":[

   ],
   "containerPorts":[

   ],
   "repositories":[
      {
         "id":"1"
      }
   ]
}