{"id":"154","resource":null,"name":"DynamoDB_App_Profile","description":"Design custom tiers and execute them in parallel","version":"1","importVersion":"4.7","revisionId":0,"sourceTemplateId":0,"sourceTemplateName":null,"sourceAppId":0,"parentVersion":"","executorBeanName":"NTierExecutor","owner":null,"hwProfile":null,"swProfile":null,"nodeInitSpec":null,"firewall":null,"migrationSpec":null,"upgradeSpec":null,"nodeReusable":true,"leafLevel":false,"interactiveApp":false,"defaultApp":false,"applicationType":"n-tier","templateType":"APPLICATION","statusDefId":0,"tags":"","nodeCombination":null,"imageName":null,"internalImageName":null,"helpLink":null,"numNodes":0,"dynamicScalable":false,"serviceName":null,"topologyParamText":null,"logoPath":"custom/assets/img/appLogo/4da12058-34dd-4888-881b-581566d4eb91.png","appTemplate":null,"templateDependencies":[],"appParamSpecs":[{"paramName":"cliqrWebappAccessLink","displayName":null,"helpText":null,"type":"string","valueList":null,"defaultValue":"phpapp","confirmValue":"phpapp","pathSuffixValue":"","userVisible":true,"userEditable":true,"systemParam":true,"exampleValue":null,"dataUnit":null,"optional":false,"deploymentParam":false,"multiselectSupported":false,"useDefault":true,"valueConstraint":null,"scope":null,"webserviceListParams":null,"secret":null,"tabularTypeData":null,"collectionList":[]},{"paramName":"cliqrExternalHttpsEnabled","displayName":null,"helpText":null,"type":"string","valueList":null,"defaultValue":"0","confirmValue":"0","pathSuffixValue":"","userVisible":true,"userEditable":true,"systemParam":true,"exampleValue":null,"dataUnit":null,"optional":false,"deploymentParam":false,"multiselectSupported":false,"useDefault":true,"valueConstraint":null,"scope":null,"webserviceListParams":null,"secret":null,"tabularTypeData":null,"collectionList":[]},{"paramName":"cliqrExternalHttpEnabled","displayName":null,"helpText":null,"type":"string","valueList":null,"defaultValue":"1","confirmValue":"1","pathSuffixValue":"","userVisible":true,"userEditable":true,"systemParam":true,"exampleValue":null,"dataUnit":null,"optional":false,"deploymentParam":false,"multiselectSupported":false,"useDefault":true,"valueConstraint":null,"scope":null,"webserviceListParams":null,"secret":null,"tabularTypeData":null,"collectionList":[]},{"paramName":"cliqrExternalNoProtocolEnabled","displayName":null,"helpText":null,"type":"string","valueList":null,"defaultValue":"0","confirmValue":"0","pathSuffixValue":"","userVisible":true,"userEditable":true,"systemParam":true,"exampleValue":null,"dataUnit":null,"optional":false,"deploymentParam":false,"multiselectSupported":false,"useDefault":true,"valueConstraint":null,"scope":null,"webserviceListParams":null,"secret":null,"tabularTypeData":null,"collectionList":[]},{"paramName":"cliqrForceHttpRedirect","displayName":null,"helpText":null,"type":"string","valueList":null,"defaultValue":"0","confirmValue":"0","pathSuffixValue":"","userVisible":true,"userEditable":true,"systemParam":true,"exampleValue":null,"dataUnit":null,"optional":false,"deploymentParam":false,"multiselectSupported":false,"useDefault":true,"valueConstraint":null,"scope":null,"webserviceListParams":null,"secret":null,"tabularTypeData":null,"collectionList":[]},{"paramName":"useNonStandardPort","displayName":null,"helpText":null,"type":"string","valueList":null,"defaultValue":"0","confirmValue":"0","pathSuffixValue":"","userVisible":true,"userEditable":true,"systemParam":true,"exampleValue":null,"dataUnit":null,"optional":false,"deploymentParam":false,"multiselectSupported":false,"useDefault":true,"valueConstraint":null,"scope":null,"webserviceListParams":null,"secret":null,"tabularTypeData":null,"collectionList":[]},{"paramName":"cliqrNonStandardPort","displayName":null,"helpText":null,"type":"string","valueList":null,"defaultValue":"","confirmValue":"","pathSuffixValue":"","userVisible":true,"userEditable":true,"systemParam":true,"exampleValue":null,"dataUnit":null,"optional":false,"deploymentParam":false,"multiselectSupported":false,"useDefault":true,"valueConstraint":null,"scope":null,"webserviceListParams":null,"secret":null,"tabularTypeData":null,"collectionList":[]},{"paramName":"appPackage","displayName":null,"helpText":null,"type":"path","valueList":null,"defaultValue":"%REPO_ID_1%apps/dynamodb-php-app.zip","confirmValue":"%REPO_ID_1%apps/dynamodb-php-app.zip","pathSuffixValue":"","userVisible":true,"userEditable":true,"systemParam":true,"exampleValue":null,"dataUnit":null,"optional":false,"deploymentParam":false,"multiselectSupported":false,"useDefault":true,"valueConstraint":null,"scope":null,"webserviceListParams":null,"secret":null,"tabularTypeData":null,"collectionList":[]},{"paramName":"microSegmentation","displayName":null,"helpText":null,"type":"string","valueList":null,"defaultValue":"0","confirmValue":"0","pathSuffixValue":"","userVisible":true,"userEditable":true,"systemParam":true,"exampleValue":null,"dataUnit":null,"optional":false,"deploymentParam":false,"multiselectSupported":false,"useDefault":true,"valueConstraint":null,"scope":null,"webserviceListParams":null,"secret":null,"tabularTypeData":null,"collectionList":[]},{"paramName":"OSSVC_HOME","displayName":"Service directory","helpText":null,"type":null,"valueList":null,"defaultValue":"/usr/local/osmosix/service","confirmValue":"/usr/local/osmosix/service","pathSuffixValue":"","userVisible":false,"userEditable":false,"systemParam":true,"exampleValue":null,"dataUnit":null,"optional":false,"deploymentParam":false,"multiselectSupported":false,"useDefault":true,"valueConstraint":null,"scope":null,"webserviceListParams":null,"secret":null,"tabularTypeData":null,"collectionList":[]},{"paramName":"cliqrAppType","displayName":"Application Type","helpText":null,"type":null,"valueList":null,"defaultValue":"n-tier","confirmValue":"n-tier","pathSuffixValue":"","userVisible":false,"userEditable":false,"systemParam":true,"exampleValue":null,"dataUnit":null,"optional":false,"deploymentParam":false,"multiselectSupported":false,"useDefault":true,"valueConstraint":null,"scope":null,"webserviceListParams":null,"secret":null,"tabularTypeData":null,"collectionList":[]},{"paramName":"cliqrUseCustomCert","displayName":"Use my own SSL Certificate","helpText":null,"type":null,"valueList":null,"defaultValue":"0","confirmValue":"0","pathSuffixValue":"","userVisible":false,"userEditable":false,"systemParam":true,"exampleValue":null,"dataUnit":null,"optional":false,"deploymentParam":false,"multiselectSupported":false,"useDefault":true,"valueConstraint":null,"scope":null,"webserviceListParams":null,"secret":null,"tabularTypeData":null,"collectionList":[]},{"paramName":"cliqrSSLCert","displayName":"SSL Certificate location","helpText":null,"type":null,"valueList":null,"defaultValue":"","confirmValue":"","pathSuffixValue":"","userVisible":false,"userEditable":false,"systemParam":true,"exampleValue":null,"dataUnit":null,"optional":false,"deploymentParam":false,"multiselectSupported":false,"useDefault":true,"valueConstraint":null,"scope":null,"webserviceListParams":null,"secret":null,"tabularTypeData":null,"collectionList":[]},{"paramName":"cliqrSSLKey","displayName":"SSL Key location","helpText":null,"type":null,"valueList":null,"defaultValue":"","confirmValue":"","pathSuffixValue":"","userVisible":false,"userEditable":false,"systemParam":true,"exampleValue":null,"dataUnit":null,"optional":false,"deploymentParam":false,"multiselectSupported":false,"useDefault":true,"valueConstraint":null,"scope":null,"webserviceListParams":null,"secret":null,"tabularTypeData":null,"collectionList":[]}],"envvarSpecs":[],"agentTasks":[],"childAppTemplates":[{"id":"177","resource":null,"name":"dynamodb_1","description":null,"version":"1.0","importVersion":"4.7","revisionId":0,"sourceTemplateId":0,"sourceTemplateName":null,"sourceAppId":0,"parentVersion":null,"executorBeanName":"ChildTierAppExecutor","owner":null,"hwProfile":{"memorySize":1024,"numOfCPUs":1,"networkSpeed":null,"numOfNICs":1,"cpuUnit":"VIRTUAL_CPU","localStorageCount":0,"localStorageSize":0,"cudaSupport":false,"ssdSupport":false,"supportHardwareProvision":false},"swProfile":{"osName":null,"support32Bit":false,"support64Bit":true,"support32On64":false},"nodeInitSpec":{"depPkgs":"","initScript":"","cleanupScript":"","licServer":null,"licPort":0,"sudoCmdList":""},"firewall":null,"migrationSpec":{"backupScript":"","restoreScript":"","backupLocation":"","preMigrateScript":"","postMigrateScript":""},"upgradeSpec":{"upgradeScript":"","rollbackScript":"","preUpgradeScript":"","postUpgradeScript":"","start":false,"stop":false},"nodeReusable":false,"leafLevel":true,"interactiveApp":false,"defaultApp":true,"applicationType":"defaultApp","templateType":"APPLICATION","statusDefId":0,"tags":"","nodeCombination":null,"imageName":null,"internalImageName":null,"helpLink":null,"numNodes":0,"dynamicScalable":false,"serviceName":"dynamodb","topologyParamText":"{\"x\":\"50\",\"y\":\"390\"}","logoPath":null,"appTemplate":null,"templateDependencies":[],"appParamSpecs":[{"paramName":"cliqrNoSQLDatabaseType","displayName":null,"helpText":null,"type":"string","valueList":null,"defaultValue":"dynamodb","confirmValue":"dynamodb","pathSuffixValue":"","userVisible":false,"userEditable":false,"systemParam":true,"exampleValue":null,"dataUnit":null,"optional":false,"deploymentParam":false,"multiselectSupported":false,"useDefault":true,"valueConstraint":null,"scope":null,"webserviceListParams":null,"secret":null,"tabularTypeData":null,"collectionList":[]},{"paramName":"tierOrder","displayName":null,"helpText":null,"type":"integer","valueList":null,"defaultValue":"1","confirmValue":"1","pathSuffixValue":"","userVisible":false,"userEditable":false,"systemParam":true,"exampleValue":null,"dataUnit":null,"optional":false,"deploymentParam":false,"multiselectSupported":false,"useDefault":true,"valueConstraint":null,"scope":null,"webserviceListParams":null,"secret":null,"tabularTypeData":null,"collectionList":[]},{"paramName":"tableName","displayName":"Table Name","helpText":"dynamo default table name is \"testdb\"","type":"string","valueList":null,"defaultValue":"users","confirmValue":"users","pathSuffixValue":"","userVisible":true,"userEditable":true,"systemParam":true,"exampleValue":null,"dataUnit":null,"optional":false,"deploymentParam":false,"multiselectSupported":false,"useDefault":true,"valueConstraint":{"minValue":0,"maxValue":0,"maxLength":255,"regex":null,"allowSpaces":true,"sizeValue":0,"step":0,"calloutWorkflowName":null},"scope":null,"webserviceListParams":null,"secret":null,"tabularTypeData":null,"collectionList":[]},{"paramName":"partitionKey","displayName":"Primary key","helpText":"default Partition key is \"name\"","type":"string","valueList":null,"defaultValue":"name","confirmValue":"name","pathSuffixValue":"","userVisible":true,"userEditable":true,"systemParam":true,"exampleValue":null,"dataUnit":null,"optional":false,"deploymentParam":false,"multiselectSupported":false,"useDefault":true,"valueConstraint":{"minValue":0,"maxValue":0,"maxLength":255,"regex":null,"allowSpaces":true,"sizeValue":0,"step":0,"calloutWorkflowName":null},"scope":null,"webserviceListParams":null,"secret":null,"tabularTypeData":null,"collectionList":[]},{"paramName":"partitionAttrType","displayName":"Primary Key Attribute Type","helpText":"default AttributeType is \"Number\"","type":"list","valueList":"Number,String,Binary","defaultValue":"String","confirmValue":"String","pathSuffixValue":"","userVisible":true,"userEditable":true,"systemParam":true,"exampleValue":null,"dataUnit":null,"optional":false,"deploymentParam":false,"multiselectSupported":false,"useDefault":true,"valueConstraint":{"minValue":0,"maxValue":0,"maxLength":0,"regex":null,"allowSpaces":true,"sizeValue":0,"step":0,"calloutWorkflowName":null},"scope":null,"webserviceListParams":null,"secret":null,"tabularTypeData":null,"collectionList":[]},{"paramName":"streamEnabled","displayName":"Stream Enables","helpText":"","type":"list","valueList":"True,False","defaultValue":"True","confirmValue":"True","pathSuffixValue":"","userVisible":true,"userEditable":true,"systemParam":true,"exampleValue":null,"dataUnit":null,"optional":false,"deploymentParam":false,"multiselectSupported":false,"useDefault":true,"valueConstraint":{"minValue":0,"maxValue":0,"maxLength":0,"regex":null,"allowSpaces":true,"sizeValue":0,"step":0,"calloutWorkflowName":null},"scope":null,"webserviceListParams":null,"secret":null,"tabularTypeData":null,"collectionList":[]},{"paramName":"streamViewType","displayName":"Stream View Type","helpText":"","type":"list","valueList":"NEW_IMAGE,OLD_IMAGE,NEW_AND_OLD_IMAGES,KEYS_ONLY","defaultValue":"NEW_AND_OLD_IMAGES","confirmValue":"NEW_AND_OLD_IMAGES","pathSuffixValue":"","userVisible":true,"userEditable":true,"systemParam":true,"exampleValue":null,"dataUnit":null,"optional":false,"deploymentParam":false,"multiselectSupported":false,"useDefault":true,"valueConstraint":{"minValue":0,"maxValue":0,"maxLength":0,"regex":null,"allowSpaces":true,"sizeValue":0,"step":0,"calloutWorkflowName":null},"scope":null,"webserviceListParams":null,"secret":null,"tabularTypeData":null,"collectionList":[]},{"paramName":"cliqrDynamodbPreStartAction","displayName":null,"helpText":null,"type":"path","valueList":null,"defaultValue":"","confirmValue":"","pathSuffixValue":"","userVisible":true,"userEditable":true,"systemParam":true,"exampleValue":null,"dataUnit":null,"optional":false,"deploymentParam":false,"multiselectSupported":false,"useDefault":true,"valueConstraint":null,"scope":null,"webserviceListParams":null,"secret":null,"tabularTypeData":null,"collectionList":[]},{"paramName":"cliqrDynamodbPostStartAction","displayName":null,"helpText":null,"type":"path","valueList":null,"defaultValue":"","confirmValue":"","pathSuffixValue":"","userVisible":true,"userEditable":true,"systemParam":true,"exampleValue":null,"dataUnit":null,"optional":false,"deploymentParam":false,"multiselectSupported":false,"useDefault":true,"valueConstraint":null,"scope":null,"webserviceListParams":null,"secret":null,"tabularTypeData":null,"collectionList":[]},{"paramName":"cliqrDynamodbPreStopAction","displayName":null,"helpText":null,"type":"path","valueList":null,"defaultValue":"","confirmValue":"","pathSuffixValue":"","userVisible":true,"userEditable":true,"systemParam":true,"exampleValue":null,"dataUnit":null,"optional":false,"deploymentParam":false,"multiselectSupported":false,"useDefault":true,"valueConstraint":null,"scope":null,"webserviceListParams":null,"secret":null,"tabularTypeData":null,"collectionList":[]},{"paramName":"cliqrDynamodbPostStopAction","displayName":null,"helpText":null,"type":"path","valueList":null,"defaultValue":"","confirmValue":"","pathSuffixValue":"","userVisible":true,"userEditable":true,"systemParam":true,"exampleValue":null,"dataUnit":null,"optional":false,"deploymentParam":false,"multiselectSupported":false,"useDefault":true,"valueConstraint":null,"scope":null,"webserviceListParams":null,"secret":null,"tabularTypeData":null,"collectionList":[]},{"paramName":"cliqrExternalPreStartAction","displayName":null,"helpText":null,"type":"path","valueList":null,"defaultValue":"","confirmValue":"","pathSuffixValue":"","userVisible":true,"userEditable":true,"systemParam":true,"exampleValue":null,"dataUnit":null,"optional":false,"deploymentParam":false,"multiselectSupported":false,"useDefault":true,"valueConstraint":null,"scope":null,"webserviceListParams":null,"secret":null,"tabularTypeData":null,"collectionList":[]},{"paramName":"cliqrExternalPostStartAction","displayName":null,"helpText":null,"type":"path","valueList":null,"defaultValue":"","confirmValue":"","pathSuffixValue":"","userVisible":true,"userEditable":true,"systemParam":true,"exampleValue":null,"dataUnit":null,"optional":false,"deploymentParam":false,"multiselectSupported":false,"useDefault":true,"valueConstraint":null,"scope":null,"webserviceListParams":null,"secret":null,"tabularTypeData":null,"collectionList":[]},{"paramName":"cliqrExternalPreStopAction","displayName":null,"helpText":null,"type":"path","valueList":null,"defaultValue":"","confirmValue":"","pathSuffixValue":"","userVisible":true,"userEditable":true,"systemParam":true,"exampleValue":null,"dataUnit":null,"optional":false,"deploymentParam":false,"multiselectSupported":false,"useDefault":true,"valueConstraint":null,"scope":null,"webserviceListParams":null,"secret":null,"tabularTypeData":null,"collectionList":[]},{"paramName":"cliqrExternalPostStopAction","displayName":null,"helpText":null,"type":"path","valueList":null,"defaultValue":"","confirmValue":"","pathSuffixValue":"","userVisible":true,"userEditable":true,"systemParam":true,"exampleValue":null,"dataUnit":null,"optional":false,"deploymentParam":false,"multiselectSupported":false,"useDefault":true,"valueConstraint":null,"scope":null,"webserviceListParams":null,"secret":null,"tabularTypeData":null,"collectionList":[]},{"paramName":"suspendScript","displayName":null,"helpText":null,"type":"path","valueList":null,"defaultValue":"","confirmValue":"","pathSuffixValue":"","userVisible":true,"userEditable":true,"systemParam":true,"exampleValue":null,"dataUnit":null,"optional":false,"deploymentParam":false,"multiselectSupported":false,"useDefault":true,"valueConstraint":null,"scope":null,"webserviceListParams":null,"secret":null,"tabularTypeData":null,"collectionList":[]},{"paramName":"resumeScript","displayName":null,"helpText":null,"type":"path","valueList":null,"defaultValue":"","confirmValue":"","pathSuffixValue":"","userVisible":true,"userEditable":true,"systemParam":true,"exampleValue":null,"dataUnit":null,"optional":false,"deploymentParam":false,"multiselectSupported":false,"useDefault":true,"valueConstraint":null,"scope":null,"webserviceListParams":null,"secret":null,"tabularTypeData":null,"collectionList":[]}],"envvarSpecs":[],"agentTasks":[],"childAppTemplates":[],"categories":[],"metadataTags":[],"systemTags":[],"containerNetworkServices":[],"appServices":[]},{"id":"155","resource":null,"name":"apache2_1","description":null,"version":"1.0","importVersion":"4.7","revisionId":0,"sourceTemplateId":0,"sourceTemplateName":null,"sourceAppId":0,"parentVersion":null,"executorBeanName":"ChildTierAppExecutor","owner":null,"hwProfile":{"memorySize":1024,"numOfCPUs":1,"networkSpeed":null,"numOfNICs":1,"cpuUnit":"VIRTUAL_CPU","localStorageCount":0,"localStorageSize":0,"cudaSupport":false,"ssdSupport":false,"supportHardwareProvision":false},"swProfile":{"osName":"Linux","support32Bit":false,"support64Bit":true,"support32On64":false},"nodeInitSpec":{"depPkgs":"","initScript":"","cleanupScript":"","licServer":null,"licPort":0,"sudoCmdList":""},"firewall":{"name":"cliqr-firewall-B0E2FBE673D629CDF06DC00676C7E304","description":"Cliqr user firewall","rules":[{"protocol":"tcp","fromPort":80,"toPort":80,"sourceIPRanges":["0.0.0.0/0"],"sourceGroups":[]},{"protocol":"tcp","fromPort":443,"toPort":443,"sourceIPRanges":["0.0.0.0/0"],"sourceGroups":[]}]},"migrationSpec":{"backupScript":"","restoreScript":"","backupLocation":"","preMigrateScript":"","postMigrateScript":""},"upgradeSpec":{"upgradeScript":"","rollbackScript":"","preUpgradeScript":"","postUpgradeScript":"","start":false,"stop":false},"nodeReusable":false,"leafLevel":true,"interactiveApp":false,"defaultApp":true,"applicationType":"defaultApp","templateType":"APPLICATION","statusDefId":0,"tags":"","nodeCombination":null,"imageName":"CentOS 7.x","internalImageName":"CloudWorker-CentOS7.x","helpLink":null,"numNodes":0,"dynamicScalable":false,"serviceName":"apache2","topologyParamText":"{\"x\":\"20\",\"y\":\"160\"}","logoPath":null,"appTemplate":null,"templateDependencies":["dynamodb_1"],"appParamSpecs":[{"paramName":"cliqrWebServerType","displayName":null,"helpText":null,"type":"string","valueList":null,"defaultValue":"apache2","confirmValue":"apache2","pathSuffixValue":"","userVisible":false,"userEditable":false,"systemParam":true,"exampleValue":null,"dataUnit":null,"optional":false,"deploymentParam":false,"multiselectSupported":false,"useDefault":true,"valueConstraint":null,"scope":null,"webserviceListParams":null,"secret":null,"tabularTypeData":null,"collectionList":[]},{"paramName":"tierOrder","displayName":null,"helpText":null,"type":"integer","valueList":null,"defaultValue":"1","confirmValue":"1","pathSuffixValue":"","userVisible":false,"userEditable":false,"systemParam":true,"exampleValue":null,"dataUnit":null,"optional":false,"deploymentParam":false,"multiselectSupported":false,"useDefault":true,"valueConstraint":null,"scope":null,"webserviceListParams":null,"secret":null,"tabularTypeData":null,"collectionList":[]},{"paramName":"defaultService","displayName":null,"helpText":null,"type":null,"valueList":null,"defaultValue":"","confirmValue":"","pathSuffixValue":"","userVisible":false,"userEditable":false,"systemParam":true,"exampleValue":null,"dataUnit":null,"optional":false,"deploymentParam":false,"multiselectSupported":false,"useDefault":true,"valueConstraint":null,"scope":null,"webserviceListParams":null,"secret":null,"tabularTypeData":null,"collectionList":[]},{"paramName":"minClusterSize","displayName":"Minimum Number of Nodes","helpText":null,"type":"number","valueList":null,"defaultValue":"1","confirmValue":"1","pathSuffixValue":"","userVisible":true,"userEditable":true,"systemParam":true,"exampleValue":null,"dataUnit":null,"optional":false,"deploymentParam":false,"multiselectSupported":false,"useDefault":true,"valueConstraint":{"minValue":1,"maxValue":2000000000,"maxLength":0,"regex":null,"allowSpaces":false,"sizeValue":0,"step":0,"calloutWorkflowName":null},"scope":null,"webserviceListParams":null,"secret":null,"tabularTypeData":null,"collectionList":[]},{"paramName":"maxClusterSize","displayName":"Maximum Number of Nodes","helpText":null,"type":"number","valueList":null,"defaultValue":"2","confirmValue":"2","pathSuffixValue":"","userVisible":true,"userEditable":true,"systemParam":true,"exampleValue":null,"dataUnit":null,"optional":false,"deploymentParam":false,"multiselectSupported":false,"useDefault":true,"valueConstraint":{"minValue":1,"maxValue":2000000000,"maxLength":0,"regex":null,"allowSpaces":false,"sizeValue":0,"step":0,"calloutWorkflowName":null},"scope":null,"webserviceListParams":null,"secret":null,"tabularTypeData":null,"collectionList":[]},{"paramName":"cliqrNoOfVolumes","displayName":"Number of Volumes","helpText":"Number of persistent data storage volumes for Frontend Cache.","type":"number","valueList":null,"defaultValue":"0","confirmValue":"0","pathSuffixValue":"","userVisible":true,"userEditable":true,"systemParam":true,"exampleValue":null,"dataUnit":null,"optional":true,"deploymentParam":false,"multiselectSupported":false,"useDefault":true,"valueConstraint":{"minValue":0,"maxValue":65536,"maxLength":0,"regex":null,"allowSpaces":false,"sizeValue":5,"step":1,"calloutWorkflowName":null},"scope":null,"webserviceListParams":null,"secret":null,"tabularTypeData":null,"collectionList":[]},{"paramName":"cliqrDBDataStorageSize","displayName":"Default Volume Size","helpText":"Persistent data storage.","type":"number","valueList":null,"defaultValue":"0","confirmValue":"0","pathSuffixValue":"","userVisible":true,"userEditable":true,"systemParam":true,"exampleValue":null,"dataUnit":"GB","optional":true,"deploymentParam":false,"multiselectSupported":false,"useDefault":true,"valueConstraint":{"minValue":0,"maxValue":65536,"maxLength":0,"regex":null,"allowSpaces":false,"sizeValue":5,"step":5,"calloutWorkflowName":null},"scope":null,"webserviceListParams":null,"secret":null,"tabularTypeData":null,"collectionList":[]},{"paramName":"cliqrAppFile","displayName":"App Package","helpText":"Application package file. The file is in relative path from %rootPath%.","type":"path","valueList":null,"defaultValue":"%PACKAGE_DIR%phpapp.zip","confirmValue":"%PACKAGE_DIR%phpapp.zip","pathSuffixValue":"","userVisible":true,"userEditable":true,"systemParam":true,"exampleValue":"myapp/myapp.zip","dataUnit":null,"optional":false,"deploymentParam":false,"multiselectSupported":false,"useDefault":true,"valueConstraint":{"minValue":0,"maxValue":0,"maxLength":0,"regex":null,"allowSpaces":false,"sizeValue":0,"step":0,"calloutWorkflowName":null},"scope":null,"webserviceListParams":null,"secret":null,"tabularTypeData":null,"collectionList":[]},{"paramName":"cliqrPhpAppConfigFiles","displayName":"App Config files","helpText":"Application config files that contain CliQr system tokens and will be modified at deployment time. The config file is a relative path from the webapp root folder, e.g., db.conf","type":"string","valueList":null,"defaultValue":"config.php","confirmValue":"config.php","pathSuffixValue":"","userVisible":true,"userEditable":true,"systemParam":true,"exampleValue":null,"dataUnit":null,"optional":true,"deploymentParam":false,"multiselectSupported":false,"useDefault":true,"valueConstraint":{"minValue":0,"maxValue":0,"maxLength":255,"regex":null,"allowSpaces":true,"sizeValue":0,"step":0,"calloutWorkflowName":null},"scope":null,"webserviceListParams":null,"secret":null,"tabularTypeData":null,"collectionList":[]},{"paramName":"cliqrWebappFolder","displayName":"Deploy Folder","helpText":null,"type":"string","valueList":null,"defaultValue":"/","confirmValue":"/","pathSuffixValue":"","userVisible":true,"userEditable":true,"systemParam":true,"exampleValue":null,"dataUnit":null,"optional":true,"deploymentParam":false,"multiselectSupported":false,"useDefault":true,"valueConstraint":null,"scope":null,"webserviceListParams":null,"secret":null,"tabularTypeData":null,"collectionList":[]},{"paramName":"cliqrApache2PreStartAction","displayName":null,"helpText":null,"type":"path","valueList":null,"defaultValue":"%PACKAGE_DIR%dynamo_conf.sh","confirmValue":"%PACKAGE_DIR%dynamo_conf.sh","pathSuffixValue":"","userVisible":true,"userEditable":true,"systemParam":true,"exampleValue":null,"dataUnit":null,"optional":false,"deploymentParam":false,"multiselectSupported":false,"useDefault":true,"valueConstraint":null,"scope":null,"webserviceListParams":null,"secret":null,"tabularTypeData":null,"collectionList":[]},{"paramName":"cliqrApache2PostStartAction","displayName":null,"helpText":null,"type":"path","valueList":null,"defaultValue":"","confirmValue":"","pathSuffixValue":"","userVisible":true,"userEditable":true,"systemParam":true,"exampleValue":null,"dataUnit":null,"optional":false,"deploymentParam":false,"multiselectSupported":false,"useDefault":true,"valueConstraint":null,"scope":null,"webserviceListParams":null,"secret":null,"tabularTypeData":null,"collectionList":[]},{"paramName":"cliqrApache2PreStopAction","displayName":null,"helpText":null,"type":"path","valueList":null,"defaultValue":"","confirmValue":"","pathSuffixValue":"","userVisible":true,"userEditable":true,"systemParam":true,"exampleValue":null,"dataUnit":null,"optional":false,"deploymentParam":false,"multiselectSupported":false,"useDefault":true,"valueConstraint":null,"scope":null,"webserviceListParams":null,"secret":null,"tabularTypeData":null,"collectionList":[]},{"paramName":"cliqrApache2PostStopAction","displayName":null,"helpText":null,"type":"path","valueList":null,"defaultValue":"","confirmValue":"","pathSuffixValue":"","userVisible":true,"userEditable":true,"systemParam":true,"exampleValue":null,"dataUnit":null,"optional":false,"deploymentParam":false,"multiselectSupported":false,"useDefault":true,"valueConstraint":null,"scope":null,"webserviceListParams":null,"secret":null,"tabularTypeData":null,"collectionList":[]},{"paramName":"cliqrExternalPreStartAction","displayName":null,"helpText":null,"type":"path","valueList":null,"defaultValue":"","confirmValue":"","pathSuffixValue":"","userVisible":true,"userEditable":true,"systemParam":true,"exampleValue":null,"dataUnit":null,"optional":false,"deploymentParam":false,"multiselectSupported":false,"useDefault":true,"valueConstraint":null,"scope":null,"webserviceListParams":null,"secret":null,"tabularTypeData":null,"collectionList":[]},{"paramName":"cliqrExternalPreInitAction","displayName":null,"helpText":null,"type":"path","valueList":null,"defaultValue":"","confirmValue":"","pathSuffixValue":"","userVisible":true,"userEditable":true,"systemParam":true,"exampleValue":null,"dataUnit":null,"optional":false,"deploymentParam":false,"multiselectSupported":false,"useDefault":true,"valueConstraint":null,"scope":null,"webserviceListParams":null,"secret":null,"tabularTypeData":null,"collectionList":[]},{"paramName":"cliqrExternalPostStartAction","displayName":null,"helpText":null,"type":"path","valueList":null,"defaultValue":"","confirmValue":"","pathSuffixValue":"","userVisible":true,"userEditable":true,"systemParam":true,"exampleValue":null,"dataUnit":null,"optional":false,"deploymentParam":false,"multiselectSupported":false,"useDefault":true,"valueConstraint":null,"scope":null,"webserviceListParams":null,"secret":null,"tabularTypeData":null,"collectionList":[]},{"paramName":"cliqrExternalPreStopAction","displayName":null,"helpText":null,"type":"path","valueList":null,"defaultValue":"","confirmValue":"","pathSuffixValue":"","userVisible":true,"userEditable":true,"systemParam":true,"exampleValue":null,"dataUnit":null,"optional":false,"deploymentParam":false,"multiselectSupported":false,"useDefault":true,"valueConstraint":null,"scope":null,"webserviceListParams":null,"secret":null,"tabularTypeData":null,"collectionList":[]},{"paramName":"cliqrExternalPostStopAction","displayName":null,"helpText":null,"type":"path","valueList":null,"defaultValue":"","confirmValue":"","pathSuffixValue":"","userVisible":true,"userEditable":true,"systemParam":true,"exampleValue":null,"dataUnit":null,"optional":false,"deploymentParam":false,"multiselectSupported":false,"useDefault":true,"valueConstraint":null,"scope":null,"webserviceListParams":null,"secret":null,"tabularTypeData":null,"collectionList":[]},{"paramName":"suspendScript","displayName":null,"helpText":null,"type":"path","valueList":null,"defaultValue":"","confirmValue":"","pathSuffixValue":"","userVisible":true,"userEditable":true,"systemParam":true,"exampleValue":null,"dataUnit":null,"optional":false,"deploymentParam":false,"multiselectSupported":false,"useDefault":true,"valueConstraint":null,"scope":null,"webserviceListParams":null,"secret":null,"tabularTypeData":null,"collectionList":[]},{"paramName":"resumeScript","displayName":null,"helpText":null,"type":"path","valueList":null,"defaultValue":"","confirmValue":"","pathSuffixValue":"","userVisible":true,"userEditable":true,"systemParam":true,"exampleValue":null,"dataUnit":null,"optional":false,"deploymentParam":false,"multiselectSupported":false,"useDefault":true,"valueConstraint":null,"scope":null,"webserviceListParams":null,"secret":null,"tabularTypeData":null,"collectionList":[]},{"paramName":"topTier","displayName":"topTier","helpText":null,"type":"boolean","valueList":null,"defaultValue":"true","confirmValue":"true","pathSuffixValue":"","userVisible":false,"userEditable":false,"systemParam":true,"exampleValue":null,"dataUnit":null,"optional":false,"deploymentParam":false,"multiselectSupported":false,"useDefault":true,"valueConstraint":null,"scope":null,"webserviceListParams":null,"secret":null,"tabularTypeData":null,"collectionList":[]},{"paramName":"enableWebServer","displayName":"Enabled","helpText":null,"type":null,"valueList":null,"defaultValue":"1","confirmValue":"1","pathSuffixValue":"","userVisible":false,"userEditable":false,"systemParam":true,"exampleValue":null,"dataUnit":null,"optional":false,"deploymentParam":false,"multiselectSupported":false,"useDefault":true,"valueConstraint":null,"scope":null,"webserviceListParams":null,"secret":null,"tabularTypeData":null,"collectionList":[]},{"paramName":"minAppClusterSize","displayName":"Minimum number of nodes","helpText":null,"type":null,"valueList":null,"defaultValue":"1","confirmValue":"1","pathSuffixValue":"","userVisible":false,"userEditable":false,"systemParam":true,"exampleValue":null,"dataUnit":null,"optional":false,"deploymentParam":false,"multiselectSupported":false,"useDefault":true,"valueConstraint":null,"scope":null,"webserviceListParams":null,"secret":null,"tabularTypeData":null,"collectionList":[]},{"paramName":"maxAppClusterSize","displayName":"Maximum number of nodes","helpText":null,"type":null,"valueList":null,"defaultValue":"2","confirmValue":"2","pathSuffixValue":"","userVisible":false,"userEditable":false,"systemParam":true,"exampleValue":null,"dataUnit":null,"optional":false,"deploymentParam":false,"multiselectSupported":false,"useDefault":true,"valueConstraint":null,"scope":null,"webserviceListParams":null,"secret":null,"tabularTypeData":null,"collectionList":[]},{"paramName":"serviceTypeParam","displayName":"Parameter name for service config for this tier","helpText":null,"type":null,"valueList":null,"defaultValue":"cliqrWebServerType","confirmValue":"cliqrWebServerType","pathSuffixValue":"","userVisible":false,"userEditable":false,"systemParam":true,"exampleValue":null,"dataUnit":null,"optional":false,"deploymentParam":false,"multiselectSupported":false,"useDefault":true,"valueConstraint":null,"scope":null,"webserviceListParams":null,"secret":null,"tabularTypeData":null,"collectionList":[]}],"envvarSpecs":[],"agentTasks":[],"childAppTemplates":[],"categories":[],"metadataTags":[],"systemTags":[],"containerNetworkServices":[],"appServices":[]}],"categories":[],"metadataTags":[{"id":null,"resource":null,"namespace":null,"tagName":"Name","tagCollectionId":null,"value":"%JOB_NAME%","required":true,"editable":false}],"systemTags":[],"containerNetworkServices":[],"appServices":[]}