<CVInstallManager_ClientSetup Focus="%instance_name%" LocaleID="0" OEMID="1" Operationtype="0" RemoteClient="1" requestFlags="0" requestType="1">
        <ClientAuthentication>
                <userAccountToLogin domainName=""  password="%commservePassword%"   userName="%commserveUserName%" />
        </ClientAuthentication>
        <CommServeInfo>
                <CommserveHostInfo clientName="%commserveName%" hostName="%commserveIP%" />
        </CommServeInfo>
        <clientComposition>
                <clientInfo>
                        <client appDataLoc="" clientCertificate="" cvdPort="0" installDirectory="/opt">
                                <clientEntity clientName="%clientname%" hostName="%clientHostName%" />
                                <jobResulsDir path="" />
                        </client>
                        <clientProps logFilesLocation="/var/log" />
                </clientInfo>
                <components>
                        <commonInfo globalFilters="2">
                                <subclientPlanToUse />
                                <storagePolicyToUse />
                        </commonInfo>
                        <componentInfo ComponentId="1003" ComponentName="Base0 Module" clientSidePackage="1" consumeLicense="1" osType="Unix" />
                        <componentInfo ComponentId="1002" ComponentName="File System Core" clientSidePackage="1" consumeLicense="1" osType="Unix" />
                        <componentInfo  ComponentId="1101"  ComponentName="UNIX File System"  clientSidePackage="1"  consumeLicense="1" osType="Unix" />
                </components>
                <clientError ErrorCode="0" />
                <clientRoles />
        </clientComposition>
        <installFlags autoRegister="0" decoupledInstall="0" forceIPV4="1" ignoreJobsRunning="0" install32Base="0" launchRolesManager="0" restoreOnlyAgents="0" singleInterfaceBinding="0" unixGroup="" unixGroupAccess="7" unixOtherAccess="5" unixTempDirectory="">
                <firewallInstall certificatePath="" enableFirewallConfig="0" firewallConfigFile="" firewallConnectionType="" httpProxyHostName="" httpProxyPortNumber="" portNumber="">
                        <proxyInfo clientName="" hostName="" portNumber="" />
                </firewallInstall>
        </installFlags>
		<Dialogs name="unixGroupSelection" show="False" />
		<Dialogs name="configLaptop" show="False" />
		<Dialogs name="unixGroup" show="False" />
		<Dialogs name="decoupledInstall" show="False" />
		<Dialogs name="ConfigureClientGroup" show="False" />
		<Dialogs name="CommcellAuthInput" show="True" />
		<Dialogs name="instance" show="False" />
		<Dialogs name="FirewallConfig" show="False" />
		<Dialogs name="decideNewGroup" show="False" />
		<Dialogs name="createCustom" show="False" />
		<Dialogs name="welcome" show="True" />
		<Dialogs name="configure" show="False" />
		<Dialogs name="CommServerSelection" show="True" />
		<Dialogs name="logDirectory" show="False" />
		<Dialogs name="cvdPort" show="False" />
		<Dialogs name="ConfigurePlan" show="True" />
		<Dialogs name="perClientCertLoc" show="False" />
		<Dialogs name="oem" show="False" />
		<Dialogs name="ConfigureStoragePolicy" show="False" />
		<Dialogs name="authCodeSelection" show="False" />
		<Dialogs name="pkgSelection" show="False" />
		<Dialogs name="commserverPreClientCertificate" show="False" />
		<Dialogs name="unixPermissions" show="False" />
		<Dialogs name="ConfigureSubClientPolicy" show="False" />
		<Dialogs name="summary" show="False" />
		<Dialogs name="installDirectory" show="False" />
		<Dialogs name="restoreOnlyAgents" show="False" />
</CVInstallManager_ClientSetup>
