<?xml version="1.0" encoding="UTF-8"?>
<App_UpdateInstancePropertiesRequest>
   <instanceProperties isDeleted="0">
     <metaInfo name="permissions" value="{&quot;permissionIds&quot;:[1,2,3,4,5,6,7,8,9,10,11,12,13,15,16,18,20,22,24,25,26,27,29,31,32,33,34,35,36,38,39,40,41,42,101,102,107,119,134,135,136,137,139,140,142,143,145,146,147,148,149,150,178,215,217,219]}"/>
      <instance clientId="%clientid%" applicationId="%appid%" instanceId="%instanceid%" />
      <billableDepartment />
      <security>
         <associatedUserGroups userGroupId="1" userGroupName="master" />
         <ownerCapabilities />
         <entityDataSecurity />
         <changePassword />
      </security>
      <securityAssociations>
         <ownerAssociations>
            <categoryPermission />
         </ownerAssociations>
      </securityAssociations>
      <mssqlInstance>
         <overrideHigherLevelSettings>
            <userAccount />
         </overrideHigherLevelSettings>
         <MSSQLStorageDevice>
            <dataBackupStoragePolicy>
               <flags />
            </dataBackupStoragePolicy>
            <commandLineStoragePolicy>
               <flags />
            </commandLineStoragePolicy>
            <logBackupStoragePolicy>
               <flags />
            </logBackupStoragePolicy>
            <deDuplicationOptions generateSignature="1" />
            <apptoDataPath />
            <performanceMode />
         </MSSQLStorageDevice>
         <agProperties>
            <SQLServerInstance>
               <flags />
            </SQLServerInstance>
            <availabilityGroup>
               <primaryReplicaClient>
                  <flags />
               </primaryReplicaClient>
            </availabilityGroup>
            <SQLAvailabilityReplicasList />
            <proxyClient>
               <flags />
            </proxyClient>
         </agProperties>
         <azureInfo>
            <azureCredentials />
            <azureSqlInstanceCredentials />
         </azureInfo>
         <awsSqlInfo>
            <sqlInstanceCredentials />
         </awsSqlInfo>
      </mssqlInstance>
      <oracleInstance>
         <oracleUser />
         <sqlConnect />
         <catalogConnect />
         <dataArchiveGroup>
            <flags />
         </dataArchiveGroup>
         <oracleStorageDevice>
            <dataBackupStoragePolicy>
               <flags />
            </dataBackupStoragePolicy>
            <commandLineStoragePolicy>
               <flags />
            </commandLineStoragePolicy>
            <logBackupStoragePolicy>
               <flags />
            </logBackupStoragePolicy>
            <deDuplicationOptions generateSignature="1" />
            <apptoDataPath />
            <performanceMode />
         </oracleStorageDevice>
         <proxyClients />
      </oracleInstance>
      <oracleRACInstance ctrlFileAutoBackupType="1">
         <connectString />
         <storageDevice>
            <dataBackupStoragePolicy>
               <flags />
            </dataBackupStoragePolicy>
            <commandLineStoragePolicy>
               <flags />
            </commandLineStoragePolicy>
            <logBackupStoragePolicy>
               <flags />
            </logBackupStoragePolicy>
            <deDuplicationOptions generateSignature="1" />
            <apptoDataPath />
            <performanceMode />
         </storageDevice>
         <dgInfo dataPolicy="1" logPolicy="1" />
      </oracleRACInstance>
      <sapOracleInstance>
         <oracleUser />
         <sqlConnect />
         <dataArchiveGroup>
            <flags />
         </dataArchiveGroup>
         <oracleStorageDevice>
            <dataBackupStoragePolicy>
               <flags />
            </dataBackupStoragePolicy>
            <commandLineStoragePolicy>
               <flags />
            </commandLineStoragePolicy>
            <logBackupStoragePolicy>
               <flags />
            </logBackupStoragePolicy>
            <deDuplicationOptions generateSignature="1" />
            <apptoDataPath />
            <performanceMode />
         </oracleStorageDevice>
         <snapProtectInfo>
            <snapSelectedEngine>
               <flags />
            </snapSelectedEngine>
            <proxyToUse>
               <flags />
            </proxyToUse>
         </snapProtectInfo>
         <appToDataPath />
      </sapOracleInstance>
      <informixInstance>
         <informixUser />
         <informixStorageDevice>
            <dataBackupStoragePolicy>
               <flags />
            </dataBackupStoragePolicy>
            <commandLineStoragePolicy>
               <flags />
            </commandLineStoragePolicy>
            <logBackupStoragePolicy>
               <flags />
            </logBackupStoragePolicy>
            <deDuplicationOptions generateSignature="1" />
            <apptoDataPath />
            <performanceMode />
         </informixStorageDevice>
      </informixInstance>
      <sybaseInstance>
         <localAdministrator />
         <saUser />
         <defaultDatabaseStoragePolicy>
            <flags />
         </defaultDatabaseStoragePolicy>
      </sybaseInstance>
      <db2Instance nodelistopType="1">
         <userAccount />
         <DB2StorageDevice>
            <dataBackupStoragePolicy>
               <flags />
            </dataBackupStoragePolicy>
            <commandLineStoragePolicy>
               <flags />
            </commandLineStoragePolicy>
            <logBackupStoragePolicy>
               <flags />
            </logBackupStoragePolicy>
            <deDuplicationOptions generateSignature="1" />
            <apptoDataPath />
            <performanceMode />
         </DB2StorageDevice>
         <appToDataPath />
      </db2Instance>
      <mySqlInstance BinaryDirectory="/usr/bin" LogDataDirectory="/var/log/" ConfigFile="/etc/my.cnf" port="/data/mysql/mysql.sock" EnableAutoDiscovery="1" archiveLogIndexFile="" version="" dataDirectory="" lastLogNumber="0">
         <SAUser userName="%dbuser%" password="%dbpassword%" />
            <logStoragePolicy storagePolicyId="4" storagePolicyName="Server plan">
                <flags/>
            </logStoragePolicy>
            <unixUser userName=""/>
            <mysqlStorageDevice>
                <dataBackupStoragePolicy>
                    <flags/>
                </dataBackupStoragePolicy>
                <commandLineStoragePolicy storagePolicyId="4" storagePolicyName="Server plan">
                    <flags/>
                </commandLineStoragePolicy>
                <logBackupStoragePolicy storagePolicyId="4" storagePolicyName="Server plan">
                    <flags/>
                </logBackupStoragePolicy>
                <deDuplicationOptions generateSignature="1"/>
                <apptoDataPath/>
                <performanceMode/>
            </mysqlStorageDevice>
         <proxySettings isProxyEnabled="0" isUseSSL="0" runBackupOnProxy="0">
            <proxyInstance instanceId="0">
               <flags />
            </proxyInstance>
         </proxySettings>
         <xtraBackupSettings enableXtraBackup="0" xtraBackupBinPath="" />
      </mySqlInstance>
      <postGreSQLInstance>
         <SAUser />
         <logStoragePolicy>
            <flags />
         </logStoragePolicy>
         <UNCUser />
         <standbyOptions>
            <standbyInstance>
               <flags />
            </standbyInstance>
         </standbyOptions>
      </postGreSQLInstance>
      <virtualServerInstance>
         <vmwareVendor>
            <virtualCenter />
         </vmwareVendor>
         <xenServer />
         <amazonInstanceInfo />
         <hyperV>
            <credentials />
         </hyperV>
         <rhevInfo>
            <credentials />
         </rhevInfo>
         <associatedClients />
         <defaultFBRUnixMediaAgent>
            <flags />
         </defaultFBRUnixMediaAgent>
         <defaultFBRWindowsMediaAgent>
            <flags />
         </defaultFBRWindowsMediaAgent>
         <azure>
            <credentials />
         </azure>
         <azureResourceManager>
            <credentials />
         </azureResourceManager>
         <docker>
            <credentials />
         </docker>
         <openStack>
            <credentials />
         </openStack>
         <oracleCloud>
            <credentials />
         </oracleCloud>
         <googleCloud>
            <credentials />
         </googleCloud>
         <oracleVMInfo>
            <credentials />
         </oracleVMInfo>
         <vCloudInstanceInfo>
            <associatedVCenters />
         </vCloudInstanceInfo>
         <aliBabaCloud />
         <oracleCloudInfrastructure />
         <redHatOpenShift>
            <credentials />
         </redHatOpenShift>
         <virtualServerCredentialinfo>
            <flags />
         </virtualServerCredentialinfo>
         <dataArchiveGroup>
            <flags />
         </dataArchiveGroup>
      </virtualServerInstance>
      <sapMAXDBInstance>
         <appToDataPath />
         <sapMAXDBStorageDevice>
            <dataBackupStoragePolicy>
               <flags />
            </dataBackupStoragePolicy>
            <commandLineStoragePolicy>
               <flags />
            </commandLineStoragePolicy>
            <logBackupStoragePolicy>
               <flags />
            </logBackupStoragePolicy>
            <deDuplicationOptions generateSignature="1" />
            <apptoDataPath />
            <performanceMode />
         </sapMAXDBStorageDevice>
      </sapMAXDBInstance>
      <saphanaInstance>
         <SAPHANAUser />
         <dataArchiveGroup>
            <flags />
         </dataArchiveGroup>
         <saphanaStorageDevice>
            <dataBackupStoragePolicy>
               <flags />
            </dataBackupStoragePolicy>
            <commandLineStoragePolicy>
               <flags />
            </commandLineStoragePolicy>
            <logBackupStoragePolicy>
               <flags />
            </logBackupStoragePolicy>
            <deDuplicationOptions generateSignature="1" />
            <apptoDataPath />
            <performanceMode />
         </saphanaStorageDevice>
         <dbUser />
      </saphanaInstance>
      <documentuminstance>
         <documentumRepository>
            <userAccount />
         </documentumRepository>
         <docbaseProperties>
            <dbClient>
               <flags />
            </dbClient>
         </docbaseProperties>
         <oracleProperties>
            <orClient>
               <flags />
            </orClient>
            <dbClient>
               <flags />
            </dbClient>
            <userAccount />
            <connectString />
            <catalogConnect />
         </oracleProperties>
         <dB2Properties>
            <db2client>
               <flags />
            </db2client>
            <userAccount />
         </dB2Properties>
      </documentuminstance>
      <distributedClusterInstance opType="0">
         <instance>
            <flags />
         </instance>
         <clusterConfig>
            <gpConfig masterRole="0" standbyState="0">
               <masterClient>
                  <flags />
               </masterClient>
            </gpConfig>
            <hadoopConfig>
               <coordinatorNode>
                  <flags />
               </coordinatorNode>
               <hadoopApps />
            </hadoopConfig>
            <uxfsConfig>
               <coordinatorNode>
                  <flags />
               </coordinatorNode>
            </uxfsConfig>
            <cassandraConfig>
               <gateway>
                  <node>
                     <clientNode>
                        <flags />
                     </clientNode>
                     <userPassword />
                     <jmxConnection>
                        <userPassword />
                        <sslConfig />
                     </jmxConnection>
                     <authConfig>
                        <sslConfig />
                     </authConfig>
                  </node>
                  <gatewayCQLUser />
               </gateway>
            </cassandraConfig>
            <cloudInfo>
               <cloudInfoEntity>
                  <flags />
               </cloudInfoEntity>
               <solrCloudInfo>
                  <cloudPoolInfo>
                     <flags />
                  </cloudPoolInfo>
               </solrCloudInfo>
               <caInfo />
               <solrCloudPoolInfo>
                  <zookerEntity>
                     <flags />
                  </zookerEntity>
               </solrCloudPoolInfo>
               <storagePolicy>
                  <flags />
               </storagePolicy>
               <indexServerClient>
                  <flags />
               </indexServerClient>
            </cloudInfo>
            <hacClusterProp />
            <mdbConfig>
               <adminUser />
               <masterNode>
                  <client>
                     <flags />
                  </client>
               </masterNode>
            </mdbConfig>
            <splunkConfig>
               <splunkUser />
               <primaryNode>
                  <entity>
                     <flags />
                  </entity>
               </primaryNode>
            </splunkConfig>
         </clusterConfig>
         <dataAccessNodes />
         <storageDevice>
            <dataBackupStoragePolicy>
               <flags />
            </dataBackupStoragePolicy>
            <commandLineStoragePolicy>
               <flags />
            </commandLineStoragePolicy>
            <logBackupStoragePolicy>
               <flags />
            </logBackupStoragePolicy>
            <deDuplicationOptions generateSignature="1" />
            <apptoDataPath />
            <performanceMode />
         </storageDevice>
      </distributedClusterInstance>
      <cloudAppsInstance>
         <salesforceInstance>
            <defaultBackupsetProp>
               <userPassword />
               <syncDatabase>
                  <dbUserPassword />
               </syncDatabase>
            </defaultBackupsetProp>
         </salesforceInstance>
         <gInstance>
            <userPassword />
         </gInstance>
         <rdsInstance>
            <arrayEntity>
               <flags />
            </arrayEntity>
            <proxies />
         </rdsInstance>
         <generalCloudProperties>
            <storageDevice>
               <dataBackupStoragePolicy>
                  <flags />
               </dataBackupStoragePolicy>
               <commandLineStoragePolicy>
                  <flags />
               </commandLineStoragePolicy>
               <logBackupStoragePolicy>
                  <flags />
               </logBackupStoragePolicy>
               <deDuplicationOptions generateSignature="1" />
               <apptoDataPath />
               <performanceMode />
            </storageDevice>
            <indexServer>
               <flags />
            </indexServer>
         </generalCloudProperties>
         <s3Instance />
         <azureInstance />
         <oneDriveInstance />
         <oraCloudInstance>
            <user />
         </oraCloudInstance>
         <openStackInstance>
            <credentials />
         </openStackInstance>
         <oracleCloudInfra />
         <googleCloudInstance>
            <credentials />
         </googleCloudInstance>
         <azureDataLakeInstance>
            <credentials />
         </azureDataLakeInstance>
         <amazonDynamoDB>
            <accessKeyPair />
         </amazonDynamoDB>
      </cloudAppsInstance>
      <instanceActivityControl>
         <entity>
            <timeZone>
               <flags />
            </timeZone>
            <flags />
            <subtask>
               <flags />
            </subtask>
            <client>
               <flags />
            </client>
            <owner>
               <flags />
            </owner>
         </entity>
         <activityControlOptions activityType="1" enableActivityType="1" enableAfterADelay="0" />
         <activityControlOptions activityType="2" enableActivityType="1" enableAfterADelay="0" />
      </instanceActivityControl>
      <planEntity>
         <flags />
      </planEntity>
   </instanceProperties>
   <association>
      <entity applicationId="%appid%" clientName="%clientname%" instanceId="%instanceid%" clientId="%clientid%" instanceName="%instancename%" appName="%appName%">
         <flags />
      </entity>
   </association>
</App_UpdateInstancePropertiesRequest>
